Id,Probability
0fd54393dce1f55b5a4d7e30b8642158_Zone1,0.0046866145580264085
0fd54393dce1f55b5a4d7e30b8642158_Zone2,0.0046866145580264085
0fd54393dce1f55b5a4d7e30b8642158_Zone3,0.0046866145580264085
0fd54393dce1f55b5a4d7e30b8642158_Zone4,0.0046866145580264085
0a83698bce92a6824dcc37c1d7fc31f5_Zone1,0.0046866145580264085
0a83698bce92a6824dcc37c1d7fc31f5_Zone2,0.0046866145580264085
0a83698bce92a6824dcc37c1d7fc31f5_Zone3,0.0046866145580264085
0a83698bce92a6824dcc37c1d7fc31f5_Zone4,0.0046866145580264085
e05f6b1f43da2b6cffdb1fcf2e3bb930_Zone1,0.0046866145580264085
e05f6b1f43da2b6cffdb1fcf2e3bb930_Zone2,0.0046866145580264085
e05f6b1f43da2b6cffdb1fcf2e3bb930_Zone3,0.0046866145580264085
e05f6b1f43da2b6cffdb1fcf2e3bb930_Zone4,0.0046866145580264085
35fcc4eea20865907dd58ad98684d52b_Zone1,0.0046866145580264085
35fcc4eea20865907dd58ad98684d52b_Zone2,0.9999999998404006
35fcc4eea20865907dd58ad98684d52b_Zone3,0.0046866145580264085
35fcc4eea20865907dd58ad98684d52b_Zone4,0.0046866145580264085
28970155f9954bbd7d5c737b60a66b5a_Zone1,0.0046866145580264085
28970155f9954bbd7d5c737b60a66b5a_Zone2,0.0046866145580264085
28970155f9954bbd7d5c737b60a66b5a_Zone3,0.0046866145580264085
28970155f9954bbd7d5c737b60a66b5a_Zone4,0.9999471290353654
77f978889c53f450cef41dd5c559f800_Zone1,0.0046866145580264085
77f978889c53f450cef41dd5c559f800_Zone2,0.0046866145580264085
77f978889c53f450cef41dd5c559f800_Zone3,0.0046866145580264085
77f978889c53f450cef41dd5c559f800_Zone4,0.0046866145580264085
8266fe33ef4df80aa66ff25bb0713c64_Zone1,0.0046866145580264085
8266fe33ef4df80aa66ff25bb0713c64_Zone2,0.0046866145580264085
8266fe33ef4df80aa66ff25bb0713c64_Zone3,0.0046866145580264085
8266fe33ef4df80aa66ff25bb0713c64_Zone4,0.8828916262728778
dc86f115cbad5fec85ad22b3d7600e0a_Zone1,0.0046866145580264085
dc86f115cbad5fec85ad22b3d7600e0a_Zone2,0.0046866145580264085
dc86f115cbad5fec85ad22b3d7600e0a_Zone3,0.0046866145580264085
dc86f115cbad5fec85ad22b3d7600e0a_Zone4,0.0046866145580264085
8ae7925ff082e37b2b705071dae57db8_Zone1,0.0046866145580264085
8ae7925ff082e37b2b705071dae57db8_Zone2,0.0046866145580264085
8ae7925ff082e37b2b705071dae57db8_Zone3,0.0046866145580264085
8ae7925ff082e37b2b705071dae57db8_Zone4,0.0046866145580264085
e0c39c6bf891474438bc44e05a953781_Zone1,0.0046866145580264085
e0c39c6bf891474438bc44e05a953781_Zone2,0.0046866145580264085
e0c39c6bf891474438bc44e05a953781_Zone3,0.0046866145580264085
e0c39c6bf891474438bc44e05a953781_Zone4,0.0046866145580264085
667e6cb559880b13e123970d7d443a76_Zone1,0.0046866145580264085
667e6cb559880b13e123970d7d443a76_Zone2,0.0046866145580264085
667e6cb559880b13e123970d7d443a76_Zone3,0.0046866145580264085
667e6cb559880b13e123970d7d443a76_Zone4,0.0046866145580264085
b7076e8fa7af8ce574ccdb59f1c1c7b2_Zone1,0.8631799870915373
b7076e8fa7af8ce574ccdb59f1c1c7b2_Zone2,0.0046866145580264085
b7076e8fa7af8ce574ccdb59f1c1c7b2_Zone3,0.0046866145580264085
b7076e8fa7af8ce574ccdb59f1c1c7b2_Zone4,0.0046866145580264085
45e7ebd5a3cac11dcafdee7b1d79003f_Zone1,0.0046866145580264085
45e7ebd5a3cac11dcafdee7b1d79003f_Zone2,0.0046866145580264085
45e7ebd5a3cac11dcafdee7b1d79003f_Zone3,0.0046866145580264085
45e7ebd5a3cac11dcafdee7b1d79003f_Zone4,0.0046866145580264085
d9b6081197ee70ebcaeabc8bf7749792_Zone1,0.0046866145580264085
d9b6081197ee70ebcaeabc8bf7749792_Zone2,0.0046866145580264085
d9b6081197ee70ebcaeabc8bf7749792_Zone3,0.0046866145580264085
d9b6081197ee70ebcaeabc8bf7749792_Zone4,0.0046866145580264085
b26e79a465ebac796ceb022cb998c236_Zone1,0.9999999930349623
b26e79a465ebac796ceb022cb998c236_Zone2,0.0046866145580264085
b26e79a465ebac796ceb022cb998c236_Zone3,0.9998968553332109
b26e79a465ebac796ceb022cb998c236_Zone4,0.0046866145580264085
a53984435fe0345028ecc9b1fdf85a23_Zone1,0.0046866145580264085
a53984435fe0345028ecc9b1fdf85a23_Zone2,0.0046866145580264085
a53984435fe0345028ecc9b1fdf85a23_Zone3,0.0046866145580264085
a53984435fe0345028ecc9b1fdf85a23_Zone4,0.17959278591086406
bd2504fa78db460fb92eb3764a46b3db_Zone1,0.0046866145580264085
bd2504fa78db460fb92eb3764a46b3db_Zone2,0.0046866145580264085
bd2504fa78db460fb92eb3764a46b3db_Zone3,0.0046866145580264085
bd2504fa78db460fb92eb3764a46b3db_Zone4,0.0046866145580264085
1cef83028272a04070fbdffae5796a87_Zone1,0.0046866145580264085
1cef83028272a04070fbdffae5796a87_Zone2,0.0046866145580264085
1cef83028272a04070fbdffae5796a87_Zone3,0.0046866145580264085
1cef83028272a04070fbdffae5796a87_Zone4,0.0046866145580264085
9d340a2292b91b6d365091dcec525c53_Zone1,0.0046866145580264085
9d340a2292b91b6d365091dcec525c53_Zone2,0.0046866145580264085
9d340a2292b91b6d365091dcec525c53_Zone3,0.0046866145580264085
9d340a2292b91b6d365091dcec525c53_Zone4,0.0046866145580264085
b9f49657be5a7c9da830c0ff75e497aa_Zone1,0.0046866145580264085
b9f49657be5a7c9da830c0ff75e497aa_Zone2,0.0046866145580264085
b9f49657be5a7c9da830c0ff75e497aa_Zone3,0.0046866145580264085
b9f49657be5a7c9da830c0ff75e497aa_Zone4,0.0046866145580264085
9aeb4c826a79835c04428163b2805507_Zone1,0.0046866145580264085
9aeb4c826a79835c04428163b2805507_Zone2,0.0046866145580264085
9aeb4c826a79835c04428163b2805507_Zone3,0.0046866145580264085
9aeb4c826a79835c04428163b2805507_Zone4,0.0046866145580264085
0b2996d90c7250a3acb63cab6ae5bebe_Zone1,0.0046866145580264085
0b2996d90c7250a3acb63cab6ae5bebe_Zone2,0.0046866145580264085
0b2996d90c7250a3acb63cab6ae5bebe_Zone3,0.0046866145580264085
0b2996d90c7250a3acb63cab6ae5bebe_Zone4,0.9999961051561796
53f844c24da6ba92e79a056cd4aa3627_Zone1,0.0046866145580264085
53f844c24da6ba92e79a056cd4aa3627_Zone2,0.0046866145580264085
53f844c24da6ba92e79a056cd4aa3627_Zone3,0.0046866145580264085
53f844c24da6ba92e79a056cd4aa3627_Zone4,0.0046866145580264085
8c74804799996ecb5ea45272ef387e41_Zone1,0.0046866145580264085
8c74804799996ecb5ea45272ef387e41_Zone2,0.0046866145580264085
8c74804799996ecb5ea45272ef387e41_Zone3,0.0046866145580264085
8c74804799996ecb5ea45272ef387e41_Zone4,0.0046866145580264085
bbf660665e2c8e34b80322150484ab4a_Zone1,0.0046866145580264085
bbf660665e2c8e34b80322150484ab4a_Zone2,0.0046866145580264085
bbf660665e2c8e34b80322150484ab4a_Zone3,0.0046866145580264085
bbf660665e2c8e34b80322150484ab4a_Zone4,0.9975068399825443
12ed0db15024397106482c4983ad2d92_Zone1,0.0046866145580264085
12ed0db15024397106482c4983ad2d92_Zone2,0.9999999999994991
12ed0db15024397106482c4983ad2d92_Zone3,0.0046866145580264085
12ed0db15024397106482c4983ad2d92_Zone4,0.0046866145580264085
1240199d7b5d6d1c709b13381a198b75_Zone1,0.0046866145580264085
1240199d7b5d6d1c709b13381a198b75_Zone2,0.0046866145580264085
1240199d7b5d6d1c709b13381a198b75_Zone3,0.0046866145580264085
1240199d7b5d6d1c709b13381a198b75_Zone4,0.0046866145580264085
08dc52d08482393070d8c71b11902636_Zone1,0.0046866145580264085
08dc52d08482393070d8c71b11902636_Zone2,0.0046866145580264085
08dc52d08482393070d8c71b11902636_Zone3,0.0046866145580264085
08dc52d08482393070d8c71b11902636_Zone4,0.0046866145580264085
54becfebc071bf769a187bd50981f186_Zone1,0.0046866145580264085
54becfebc071bf769a187bd50981f186_Zone2,0.0046866145580264085
54becfebc071bf769a187bd50981f186_Zone3,0.14309715757898578
54becfebc071bf769a187bd50981f186_Zone4,0.0046866145580264085
5ad549b6c14ae5528a56216360e87829_Zone1,0.0046866145580264085
5ad549b6c14ae5528a56216360e87829_Zone2,0.0046866145580264085
5ad549b6c14ae5528a56216360e87829_Zone3,0.0046866145580264085
5ad549b6c14ae5528a56216360e87829_Zone4,0.0046866145580264085
6efc41a030bd27eb70407184e427b165_Zone1,0.0046866145580264085
6efc41a030bd27eb70407184e427b165_Zone2,0.0046866145580264085
6efc41a030bd27eb70407184e427b165_Zone3,0.0046866145580264085
6efc41a030bd27eb70407184e427b165_Zone4,0.0046866145580264085
cc9df85ad3f810f32450be5afcbaa019_Zone1,0.0046866145580264085
cc9df85ad3f810f32450be5afcbaa019_Zone2,0.9999999999999953
cc9df85ad3f810f32450be5afcbaa019_Zone3,0.0046866145580264085
cc9df85ad3f810f32450be5afcbaa019_Zone4,0.1615471665529766
adc28b596accd5039620bfef68feacf3_Zone1,0.998397328348007
adc28b596accd5039620bfef68feacf3_Zone2,0.0046866145580264085
adc28b596accd5039620bfef68feacf3_Zone3,0.0046866145580264085
adc28b596accd5039620bfef68feacf3_Zone4,0.0046866145580264085
6ad2f3e44e78a904d17965f91148bae7_Zone1,0.9981743531880936
6ad2f3e44e78a904d17965f91148bae7_Zone2,0.0046866145580264085
6ad2f3e44e78a904d17965f91148bae7_Zone3,0.1843076721876396
6ad2f3e44e78a904d17965f91148bae7_Zone4,0.0046866145580264085
cf0a5e997ce34fbd415f12ca95dcfcc5_Zone1,0.0046866145580264085
cf0a5e997ce34fbd415f12ca95dcfcc5_Zone2,0.0046866145580264085
cf0a5e997ce34fbd415f12ca95dcfcc5_Zone3,0.0046866145580264085
cf0a5e997ce34fbd415f12ca95dcfcc5_Zone4,0.0046866145580264085
cf07122136018767ce90ad0e2123da04_Zone1,0.0046866145580264085
cf07122136018767ce90ad0e2123da04_Zone2,0.0046866145580264085
cf07122136018767ce90ad0e2123da04_Zone3,0.0046866145580264085
cf07122136018767ce90ad0e2123da04_Zone4,0.9969816601972323
78e2a05bb2cb447cbbc4b13fce385eff_Zone1,0.0046866145580264085
78e2a05bb2cb447cbbc4b13fce385eff_Zone2,0.0046866145580264085
78e2a05bb2cb447cbbc4b13fce385eff_Zone3,0.0046866145580264085
78e2a05bb2cb447cbbc4b13fce385eff_Zone4,0.0046866145580264085
5a09d8d04a872ea04f7043bc5e0cfff8_Zone1,0.0046866145580264085
5a09d8d04a872ea04f7043bc5e0cfff8_Zone2,0.0046866145580264085
5a09d8d04a872ea04f7043bc5e0cfff8_Zone3,0.0046866145580264085
5a09d8d04a872ea04f7043bc5e0cfff8_Zone4,0.0046866145580264085
3de88afea1b8fd356b119c5b44dcb47e_Zone1,0.0046866145580264085
3de88afea1b8fd356b119c5b44dcb47e_Zone2,0.9999987066500319
3de88afea1b8fd356b119c5b44dcb47e_Zone3,0.0046866145580264085
3de88afea1b8fd356b119c5b44dcb47e_Zone4,0.0046866145580264085
b44e79c5283d5b7aa587ac26c8f3803a_Zone1,0.0046866145580264085
b44e79c5283d5b7aa587ac26c8f3803a_Zone2,0.0046866145580264085
b44e79c5283d5b7aa587ac26c8f3803a_Zone3,0.0046866145580264085
b44e79c5283d5b7aa587ac26c8f3803a_Zone4,0.0046866145580264085
8cad214bfc98e58fb873130aa71c8503_Zone1,0.0046866145580264085
8cad214bfc98e58fb873130aa71c8503_Zone2,0.14300935144126442
8cad214bfc98e58fb873130aa71c8503_Zone3,0.0046866145580264085
8cad214bfc98e58fb873130aa71c8503_Zone4,0.0046866145580264085
b805325a87f8132b90efccfe3a024023_Zone1,0.0046866145580264085
b805325a87f8132b90efccfe3a024023_Zone2,0.0046866145580264085
b805325a87f8132b90efccfe3a024023_Zone3,0.0046866145580264085
b805325a87f8132b90efccfe3a024023_Zone4,0.0046866145580264085
1ccf082d6f3d51bd55113fb092be0e59_Zone1,0.0046866145580264085
1ccf082d6f3d51bd55113fb092be0e59_Zone2,0.9999999812170829
1ccf082d6f3d51bd55113fb092be0e59_Zone3,0.0046866145580264085
1ccf082d6f3d51bd55113fb092be0e59_Zone4,0.15563645184318334
8a59e4cd0ab21f8ac3c468ab63d2bc02_Zone1,0.0046866145580264085
8a59e4cd0ab21f8ac3c468ab63d2bc02_Zone2,0.9948399570649722
8a59e4cd0ab21f8ac3c468ab63d2bc02_Zone3,0.0046866145580264085
8a59e4cd0ab21f8ac3c468ab63d2bc02_Zone4,0.0046866145580264085
334cfc11aceab7e8bbd1d711f70c514d_Zone1,0.0046866145580264085
334cfc11aceab7e8bbd1d711f70c514d_Zone2,0.0046866145580264085
334cfc11aceab7e8bbd1d711f70c514d_Zone3,0.0046866145580264085
334cfc11aceab7e8bbd1d711f70c514d_Zone4,0.0046866145580264085
433d90f22cd87cb66139d491f753470f_Zone1,0.0046866145580264085
433d90f22cd87cb66139d491f753470f_Zone2,0.14304801890294702
433d90f22cd87cb66139d491f753470f_Zone3,0.0046866145580264085
433d90f22cd87cb66139d491f753470f_Zone4,0.0046866145580264085
47101ab882f74b44d325c4309f5a45da_Zone1,0.0046866145580264085
47101ab882f74b44d325c4309f5a45da_Zone2,0.0046866145580264085
47101ab882f74b44d325c4309f5a45da_Zone3,0.0046866145580264085
47101ab882f74b44d325c4309f5a45da_Zone4,0.0046866145580264085
c49a9aaa0c748cc5a4e88b30504a7732_Zone1,0.0046866145580264085
c49a9aaa0c748cc5a4e88b30504a7732_Zone2,0.0046866145580264085
c49a9aaa0c748cc5a4e88b30504a7732_Zone3,0.0046866145580264085
c49a9aaa0c748cc5a4e88b30504a7732_Zone4,0.0046866145580264085
50c146d2bef02ff453f63104968bd456_Zone1,0.0046866145580264085
50c146d2bef02ff453f63104968bd456_Zone2,0.0046866145580264085
50c146d2bef02ff453f63104968bd456_Zone3,0.0046866145580264085
50c146d2bef02ff453f63104968bd456_Zone4,0.0046866145580264085
80f5b34aa8c962cc30138bc9c70343b5_Zone1,0.0046866145580264085
80f5b34aa8c962cc30138bc9c70343b5_Zone2,0.0046866145580264085
80f5b34aa8c962cc30138bc9c70343b5_Zone3,0.0046866145580264085
80f5b34aa8c962cc30138bc9c70343b5_Zone4,0.0046866145580264085
cf40b637efa6ec70e7281dedbfdcc1c4_Zone1,0.0046866145580264085
cf40b637efa6ec70e7281dedbfdcc1c4_Zone2,0.0046866145580264085
cf40b637efa6ec70e7281dedbfdcc1c4_Zone3,0.0046866145580264085
cf40b637efa6ec70e7281dedbfdcc1c4_Zone4,0.0046866145580264085
27069e6977eb7e0ccd913af254932e39_Zone1,0.0046866145580264085
27069e6977eb7e0ccd913af254932e39_Zone2,0.0046866145580264085
27069e6977eb7e0ccd913af254932e39_Zone3,0.0046866145580264085
27069e6977eb7e0ccd913af254932e39_Zone4,0.0046866145580264085
bad6cac85809cbc9bc7c3d8dfd063841_Zone1,0.0046866145580264085
bad6cac85809cbc9bc7c3d8dfd063841_Zone2,0.9973941952859801
bad6cac85809cbc9bc7c3d8dfd063841_Zone3,0.0046866145580264085
bad6cac85809cbc9bc7c3d8dfd063841_Zone4,0.0046866145580264085
be0008e3e3ce57188aa0509d5a557ced_Zone1,0.0046866145580264085
be0008e3e3ce57188aa0509d5a557ced_Zone2,0.0046866145580264085
be0008e3e3ce57188aa0509d5a557ced_Zone3,0.0046866145580264085
be0008e3e3ce57188aa0509d5a557ced_Zone4,0.0046866145580264085
5b900a35f3e9591914ea328cacb73dfa_Zone1,0.0046866145580264085
5b900a35f3e9591914ea328cacb73dfa_Zone2,0.0046866145580264085
5b900a35f3e9591914ea328cacb73dfa_Zone3,0.0046866145580264085
5b900a35f3e9591914ea328cacb73dfa_Zone4,0.0046866145580264085
9e3ed73cf898679f5849315d9daae83a_Zone1,0.0046866145580264085
9e3ed73cf898679f5849315d9daae83a_Zone2,0.0046866145580264085
9e3ed73cf898679f5849315d9daae83a_Zone3,0.0046866145580264085
9e3ed73cf898679f5849315d9daae83a_Zone4,0.0046866145580264085
db915c7821080439403d1ab21930f8a4_Zone1,0.0046866145580264085
db915c7821080439403d1ab21930f8a4_Zone2,0.0046866145580264085
db915c7821080439403d1ab21930f8a4_Zone3,0.0046866145580264085
db915c7821080439403d1ab21930f8a4_Zone4,0.0046866145580264085
5a6122a9c7b29434c985dac7f6f2a5d6_Zone1,0.0046866145580264085
5a6122a9c7b29434c985dac7f6f2a5d6_Zone2,0.0046866145580264085
5a6122a9c7b29434c985dac7f6f2a5d6_Zone3,0.0046866145580264085
5a6122a9c7b29434c985dac7f6f2a5d6_Zone4,0.0046866145580264085
572b2d27afbfc215f55040501a0ae8b8_Zone1,0.0046866145580264085
572b2d27afbfc215f55040501a0ae8b8_Zone2,0.0046866145580264085
572b2d27afbfc215f55040501a0ae8b8_Zone3,0.0046866145580264085
572b2d27afbfc215f55040501a0ae8b8_Zone4,0.0046866145580264085
ad4a88206e1e7843b954997fa019cbe1_Zone1,0.0046866145580264085
ad4a88206e1e7843b954997fa019cbe1_Zone2,0.8581108324524968
ad4a88206e1e7843b954997fa019cbe1_Zone3,0.0046866145580264085
ad4a88206e1e7843b954997fa019cbe1_Zone4,0.0046866145580264085
366b47c7a8ccab2cd0e5834dde998765_Zone1,0.0046866145580264085
366b47c7a8ccab2cd0e5834dde998765_Zone2,0.0046866145580264085
366b47c7a8ccab2cd0e5834dde998765_Zone3,0.0046866145580264085
366b47c7a8ccab2cd0e5834dde998765_Zone4,0.0046866145580264085
84c8eb37e1d8b6a31178fb7acde129cc_Zone1,0.0046866145580264085
84c8eb37e1d8b6a31178fb7acde129cc_Zone2,0.0046866145580264085
84c8eb37e1d8b6a31178fb7acde129cc_Zone3,0.0046866145580264085
84c8eb37e1d8b6a31178fb7acde129cc_Zone4,0.0046866145580264085
76187ea862405caf22ce4626a0865d7e_Zone1,0.0046866145580264085
76187ea862405caf22ce4626a0865d7e_Zone2,0.0046866145580264085
76187ea862405caf22ce4626a0865d7e_Zone3,0.0046866145580264085
76187ea862405caf22ce4626a0865d7e_Zone4,0.0046866145580264085
86b8e947df9cc7d357e8d5f44a63af0d_Zone1,0.0046866145580264085
86b8e947df9cc7d357e8d5f44a63af0d_Zone2,0.0046866145580264085
86b8e947df9cc7d357e8d5f44a63af0d_Zone3,0.0046866145580264085
86b8e947df9cc7d357e8d5f44a63af0d_Zone4,0.0046866145580264085
cb4aad9898654da3b7a079837d452c7a_Zone1,0.0046866145580264085
cb4aad9898654da3b7a079837d452c7a_Zone2,0.0046866145580264085
cb4aad9898654da3b7a079837d452c7a_Zone3,0.0046866145580264085
cb4aad9898654da3b7a079837d452c7a_Zone4,0.0046866145580264085
a1dab2b6bbdfec641c63b14c63eecc8f_Zone1,0.0046866145580264085
a1dab2b6bbdfec641c63b14c63eecc8f_Zone2,0.0046866145580264085
a1dab2b6bbdfec641c63b14c63eecc8f_Zone3,0.0046866145580264085
a1dab2b6bbdfec641c63b14c63eecc8f_Zone4,0.0046866145580264085
49c3fc4b14948ab097a3462bb825e2f0_Zone1,0.9999995394224724
49c3fc4b14948ab097a3462bb825e2f0_Zone2,0.0046866145580264085
49c3fc4b14948ab097a3462bb825e2f0_Zone3,0.0046866145580264085
49c3fc4b14948ab097a3462bb825e2f0_Zone4,0.9999068568222359
e5c71e8fddb958908a69dbc1ddf074ba_Zone1,0.0046866145580264085
e5c71e8fddb958908a69dbc1ddf074ba_Zone2,0.0046866145580264085
e5c71e8fddb958908a69dbc1ddf074ba_Zone3,0.9382864044013846
e5c71e8fddb958908a69dbc1ddf074ba_Zone4,0.0046866145580264085
6876581e7bfb9a417b0f50ded0c44191_Zone1,0.0046866145580264085
6876581e7bfb9a417b0f50ded0c44191_Zone2,0.0046866145580264085
6876581e7bfb9a417b0f50ded0c44191_Zone3,0.0046866145580264085
6876581e7bfb9a417b0f50ded0c44191_Zone4,0.0046866145580264085
c864d6466ebf808bc293173c9a5df709_Zone1,0.0046866145580264085
c864d6466ebf808bc293173c9a5df709_Zone2,0.0046866145580264085
c864d6466ebf808bc293173c9a5df709_Zone3,0.0046866145580264085
c864d6466ebf808bc293173c9a5df709_Zone4,0.0046866145580264085
ce8ab5548464940a8a14a813a75500d0_Zone1,0.0046866145580264085
ce8ab5548464940a8a14a813a75500d0_Zone2,0.0046866145580264085
ce8ab5548464940a8a14a813a75500d0_Zone3,0.0046866145580264085
ce8ab5548464940a8a14a813a75500d0_Zone4,0.0046866145580264085
89a7c3afee3ab7851f28cd66ed4bba53_Zone1,0.0046866145580264085
89a7c3afee3ab7851f28cd66ed4bba53_Zone2,0.0046866145580264085
89a7c3afee3ab7851f28cd66ed4bba53_Zone3,0.0046866145580264085
89a7c3afee3ab7851f28cd66ed4bba53_Zone4,0.0046866145580264085
6ec5ce5500d9ce14887e64f47486ad5f_Zone1,0.0046866145580264085
6ec5ce5500d9ce14887e64f47486ad5f_Zone2,0.0046866145580264085
6ec5ce5500d9ce14887e64f47486ad5f_Zone3,0.0046866145580264085
6ec5ce5500d9ce14887e64f47486ad5f_Zone4,0.0046866145580264085
123d65c19a4d7f395b3719d47d5666b5_Zone1,0.17697683015455853
123d65c19a4d7f395b3719d47d5666b5_Zone2,0.0046866145580264085
123d65c19a4d7f395b3719d47d5666b5_Zone3,0.9999999999834344
123d65c19a4d7f395b3719d47d5666b5_Zone4,0.0046866145580264085
58d8d053c3b4585d4462f5ecb1452cdb_Zone1,0.0046866145580264085
58d8d053c3b4585d4462f5ecb1452cdb_Zone2,0.0046866145580264085
58d8d053c3b4585d4462f5ecb1452cdb_Zone3,0.999460434407977
58d8d053c3b4585d4462f5ecb1452cdb_Zone4,0.0046866145580264085
ea3290d7769b069f78656ea2217067b3_Zone1,0.0046866145580264085
ea3290d7769b069f78656ea2217067b3_Zone2,0.15469482073235874
ea3290d7769b069f78656ea2217067b3_Zone3,0.0046866145580264085
ea3290d7769b069f78656ea2217067b3_Zone4,0.0046866145580264085
4e400a40fb57cb44bfa0019fc8ebb63b_Zone1,0.0046866145580264085
4e400a40fb57cb44bfa0019fc8ebb63b_Zone2,0.0046866145580264085
4e400a40fb57cb44bfa0019fc8ebb63b_Zone3,0.0046866145580264085
4e400a40fb57cb44bfa0019fc8ebb63b_Zone4,0.0046866145580264085
53c9d8c270112c05d9906e4b492c067a_Zone1,0.9999190897166274
53c9d8c270112c05d9906e4b492c067a_Zone2,0.0046866145580264085
53c9d8c270112c05d9906e4b492c067a_Zone3,0.0046866145580264085
53c9d8c270112c05d9906e4b492c067a_Zone4,0.0046866145580264085
77e6f30d7fb024b57861075d9cdb2e61_Zone1,0.0046866145580264085
77e6f30d7fb024b57861075d9cdb2e61_Zone2,0.0046866145580264085
77e6f30d7fb024b57861075d9cdb2e61_Zone3,0.0046866145580264085
77e6f30d7fb024b57861075d9cdb2e61_Zone4,0.0046866145580264085
1cb13f156bd436222447dd658180bd96_Zone1,0.0046866145580264085
1cb13f156bd436222447dd658180bd96_Zone2,0.9958214917390665
1cb13f156bd436222447dd658180bd96_Zone3,0.0046866145580264085
1cb13f156bd436222447dd658180bd96_Zone4,0.0046866145580264085
0fadb2ac7be1a0ed6fb7cd81372c18ba_Zone1,0.0046866145580264085
0fadb2ac7be1a0ed6fb7cd81372c18ba_Zone2,0.0046866145580264085
0fadb2ac7be1a0ed6fb7cd81372c18ba_Zone3,0.0046866145580264085
0fadb2ac7be1a0ed6fb7cd81372c18ba_Zone4,0.0046866145580264085
e1b48bcc8d13f1cdf8e1e98383ac5fae_Zone1,0.0046866145580264085
e1b48bcc8d13f1cdf8e1e98383ac5fae_Zone2,0.0046866145580264085
e1b48bcc8d13f1cdf8e1e98383ac5fae_Zone3,0.0046866145580264085
e1b48bcc8d13f1cdf8e1e98383ac5fae_Zone4,0.0046866145580264085
8cc399745b482846956be7307b0bd70f_Zone1,0.0046866145580264085
8cc399745b482846956be7307b0bd70f_Zone2,0.0046866145580264085
8cc399745b482846956be7307b0bd70f_Zone3,0.0046866145580264085
8cc399745b482846956be7307b0bd70f_Zone4,0.0046866145580264085
249092cc1775fabcb79ba439ba974759_Zone1,0.0046866145580264085
249092cc1775fabcb79ba439ba974759_Zone2,0.9999999975434921
249092cc1775fabcb79ba439ba974759_Zone3,0.0046866145580264085
249092cc1775fabcb79ba439ba974759_Zone4,0.0046866145580264085
4fe8088fd2a96d3d36e45600c75964a8_Zone1,0.0046866145580264085
4fe8088fd2a96d3d36e45600c75964a8_Zone2,0.18486729063434298
4fe8088fd2a96d3d36e45600c75964a8_Zone3,0.0046866145580264085
4fe8088fd2a96d3d36e45600c75964a8_Zone4,0.0046866145580264085
104e284349ffe68378745fc8c5638eab_Zone1,0.0046866145580264085
104e284349ffe68378745fc8c5638eab_Zone2,0.0046866145580264085
104e284349ffe68378745fc8c5638eab_Zone3,0.0046866145580264085
104e284349ffe68378745fc8c5638eab_Zone4,0.9999990515085339
d9a7e03c0bc6d9eaf711152972cf99ae_Zone1,0.0046866145580264085
d9a7e03c0bc6d9eaf711152972cf99ae_Zone2,0.0046866145580264085
d9a7e03c0bc6d9eaf711152972cf99ae_Zone3,0.0046866145580264085
d9a7e03c0bc6d9eaf711152972cf99ae_Zone4,0.9999969013749398
2b81524a1a36b6b91baf7c84dc16b29b_Zone1,0.0046866145580264085
2b81524a1a36b6b91baf7c84dc16b29b_Zone2,0.0046866145580264085
2b81524a1a36b6b91baf7c84dc16b29b_Zone3,0.0046866145580264085
2b81524a1a36b6b91baf7c84dc16b29b_Zone4,0.9999657783749362
7165af08cab4f780450d5cd41d7568f2_Zone1,0.0046866145580264085
7165af08cab4f780450d5cd41d7568f2_Zone2,0.0046866145580264085
7165af08cab4f780450d5cd41d7568f2_Zone3,0.0046866145580264085
7165af08cab4f780450d5cd41d7568f2_Zone4,0.0046866145580264085
a9279d73c52859e47cc73c73f4ebdec1_Zone1,0.0046866145580264085
a9279d73c52859e47cc73c73f4ebdec1_Zone2,0.0046866145580264085
a9279d73c52859e47cc73c73f4ebdec1_Zone3,0.0046866145580264085
a9279d73c52859e47cc73c73f4ebdec1_Zone4,0.0046866145580264085
0367394485447c1c3485359ba71f52cb_Zone1,0.0046866145580264085
0367394485447c1c3485359ba71f52cb_Zone2,0.0046866145580264085
0367394485447c1c3485359ba71f52cb_Zone3,0.0046866145580264085
0367394485447c1c3485359ba71f52cb_Zone4,0.0046866145580264085
92447e0dccf16de23066830b85ef1445_Zone1,0.0046866145580264085
92447e0dccf16de23066830b85ef1445_Zone2,0.0046866145580264085
92447e0dccf16de23066830b85ef1445_Zone3,0.0046866145580264085
92447e0dccf16de23066830b85ef1445_Zone4,0.16991881350970878
c25859785ce48c8c8d7e1b4e19a6617b_Zone1,0.0046866145580264085
c25859785ce48c8c8d7e1b4e19a6617b_Zone2,0.9999999385087195
c25859785ce48c8c8d7e1b4e19a6617b_Zone3,0.0046866145580264085
c25859785ce48c8c8d7e1b4e19a6617b_Zone4,0.0046866145580264085
77fa6aa1e3c2ac6ec2c31457abcc2ca2_Zone1,0.14713706630121132
77fa6aa1e3c2ac6ec2c31457abcc2ca2_Zone2,0.0046866145580264085
77fa6aa1e3c2ac6ec2c31457abcc2ca2_Zone3,0.0046866145580264085
77fa6aa1e3c2ac6ec2c31457abcc2ca2_Zone4,0.0046866145580264085
6195fafc8d524bba24a71c862ae43b27_Zone1,0.0046866145580264085
6195fafc8d524bba24a71c862ae43b27_Zone2,0.0046866145580264085
6195fafc8d524bba24a71c862ae43b27_Zone3,0.0046866145580264085
6195fafc8d524bba24a71c862ae43b27_Zone4,0.0046866145580264085
1b861c23fc370c326ec8342733ef5d84_Zone1,0.0046866145580264085
1b861c23fc370c326ec8342733ef5d84_Zone2,0.0046866145580264085
1b861c23fc370c326ec8342733ef5d84_Zone3,0.0046866145580264085
1b861c23fc370c326ec8342733ef5d84_Zone4,0.0046866145580264085
4d09ae2cb8b4841f93b256e1af2212e2_Zone1,0.0046866145580264085
4d09ae2cb8b4841f93b256e1af2212e2_Zone2,0.0046866145580264085
4d09ae2cb8b4841f93b256e1af2212e2_Zone3,0.0046866145580264085
4d09ae2cb8b4841f93b256e1af2212e2_Zone4,0.0046866145580264085
981a04410b05dd40c538f84b02300759_Zone1,0.9986760132948127
981a04410b05dd40c538f84b02300759_Zone2,0.0046866145580264085
981a04410b05dd40c538f84b02300759_Zone3,0.14204453426957817
981a04410b05dd40c538f84b02300759_Zone4,0.0046866145580264085
0749d03b6d2d1eebb6c24ecb3c36e645_Zone1,0.0046866145580264085
0749d03b6d2d1eebb6c24ecb3c36e645_Zone2,0.0046866145580264085
0749d03b6d2d1eebb6c24ecb3c36e645_Zone3,0.0046866145580264085
0749d03b6d2d1eebb6c24ecb3c36e645_Zone4,0.0046866145580264085
5ac9b630644efda24a7888b4905e422c_Zone1,0.0046866145580264085
5ac9b630644efda24a7888b4905e422c_Zone2,0.0046866145580264085
5ac9b630644efda24a7888b4905e422c_Zone3,0.0046866145580264085
5ac9b630644efda24a7888b4905e422c_Zone4,0.0046866145580264085
0fd54393dce1f55b5a4d7e30b8642158_Zone5,0.004
0fd54393dce1f55b5a4d7e30b8642158_Zone6,0.004
0fd54393dce1f55b5a4d7e30b8642158_Zone7,0.004
0fd54393dce1f55b5a4d7e30b8642158_Zone17,0.004
0a83698bce92a6824dcc37c1d7fc31f5_Zone5,0.004
0a83698bce92a6824dcc37c1d7fc31f5_Zone6,0.9986305380735907
0a83698bce92a6824dcc37c1d7fc31f5_Zone7,0.004
0a83698bce92a6824dcc37c1d7fc31f5_Zone17,0.004
e05f6b1f43da2b6cffdb1fcf2e3bb930_Zone5,0.004
e05f6b1f43da2b6cffdb1fcf2e3bb930_Zone6,0.004
e05f6b1f43da2b6cffdb1fcf2e3bb930_Zone7,0.9823208627198246
e05f6b1f43da2b6cffdb1fcf2e3bb930_Zone17,0.10181622152035469
35fcc4eea20865907dd58ad98684d52b_Zone5,0.004
35fcc4eea20865907dd58ad98684d52b_Zone6,0.004
35fcc4eea20865907dd58ad98684d52b_Zone7,0.004
35fcc4eea20865907dd58ad98684d52b_Zone17,0.14755041666844754
28970155f9954bbd7d5c737b60a66b5a_Zone5,0.004
28970155f9954bbd7d5c737b60a66b5a_Zone6,0.004
28970155f9954bbd7d5c737b60a66b5a_Zone7,0.004
28970155f9954bbd7d5c737b60a66b5a_Zone17,0.004
77f978889c53f450cef41dd5c559f800_Zone5,0.7041437457091408
77f978889c53f450cef41dd5c559f800_Zone6,0.004
77f978889c53f450cef41dd5c559f800_Zone7,0.004
77f978889c53f450cef41dd5c559f800_Zone17,0.551694057739685
8266fe33ef4df80aa66ff25bb0713c64_Zone5,0.9999900515299565
8266fe33ef4df80aa66ff25bb0713c64_Zone6,0.004
8266fe33ef4df80aa66ff25bb0713c64_Zone7,0.004
8266fe33ef4df80aa66ff25bb0713c64_Zone17,0.004
dc86f115cbad5fec85ad22b3d7600e0a_Zone5,0.004
dc86f115cbad5fec85ad22b3d7600e0a_Zone6,0.004
dc86f115cbad5fec85ad22b3d7600e0a_Zone7,0.004
dc86f115cbad5fec85ad22b3d7600e0a_Zone17,0.004
8ae7925ff082e37b2b705071dae57db8_Zone5,0.004
8ae7925ff082e37b2b705071dae57db8_Zone6,0.004
8ae7925ff082e37b2b705071dae57db8_Zone7,0.9999704494816016
8ae7925ff082e37b2b705071dae57db8_Zone17,0.004
e0c39c6bf891474438bc44e05a953781_Zone5,0.004
e0c39c6bf891474438bc44e05a953781_Zone6,0.004
e0c39c6bf891474438bc44e05a953781_Zone7,0.004
e0c39c6bf891474438bc44e05a953781_Zone17,0.004
667e6cb559880b13e123970d7d443a76_Zone5,0.004
667e6cb559880b13e123970d7d443a76_Zone6,0.8260246862108577
667e6cb559880b13e123970d7d443a76_Zone7,0.004
667e6cb559880b13e123970d7d443a76_Zone17,0.004
b7076e8fa7af8ce574ccdb59f1c1c7b2_Zone5,0.004
b7076e8fa7af8ce574ccdb59f1c1c7b2_Zone6,0.004
b7076e8fa7af8ce574ccdb59f1c1c7b2_Zone7,0.004
b7076e8fa7af8ce574ccdb59f1c1c7b2_Zone17,0.8572702143891271
45e7ebd5a3cac11dcafdee7b1d79003f_Zone5,0.004
45e7ebd5a3cac11dcafdee7b1d79003f_Zone6,0.004
45e7ebd5a3cac11dcafdee7b1d79003f_Zone7,0.004
45e7ebd5a3cac11dcafdee7b1d79003f_Zone17,0.3383705095838173
d9b6081197ee70ebcaeabc8bf7749792_Zone5,0.004
d9b6081197ee70ebcaeabc8bf7749792_Zone6,0.004
d9b6081197ee70ebcaeabc8bf7749792_Zone7,0.004
d9b6081197ee70ebcaeabc8bf7749792_Zone17,0.004
b26e79a465ebac796ceb022cb998c236_Zone5,0.004
b26e79a465ebac796ceb022cb998c236_Zone6,0.004
b26e79a465ebac796ceb022cb998c236_Zone7,0.004
b26e79a465ebac796ceb022cb998c236_Zone17,0.004
a53984435fe0345028ecc9b1fdf85a23_Zone5,0.004
a53984435fe0345028ecc9b1fdf85a23_Zone6,0.004
a53984435fe0345028ecc9b1fdf85a23_Zone7,0.004
a53984435fe0345028ecc9b1fdf85a23_Zone17,0.004
bd2504fa78db460fb92eb3764a46b3db_Zone5,0.004
bd2504fa78db460fb92eb3764a46b3db_Zone6,0.004
bd2504fa78db460fb92eb3764a46b3db_Zone7,0.004
bd2504fa78db460fb92eb3764a46b3db_Zone17,0.004
1cef83028272a04070fbdffae5796a87_Zone5,0.004
1cef83028272a04070fbdffae5796a87_Zone6,0.004
1cef83028272a04070fbdffae5796a87_Zone7,0.004
1cef83028272a04070fbdffae5796a87_Zone17,0.004
9d340a2292b91b6d365091dcec525c53_Zone5,0.004
9d340a2292b91b6d365091dcec525c53_Zone6,0.004
9d340a2292b91b6d365091dcec525c53_Zone7,0.666858783886084
9d340a2292b91b6d365091dcec525c53_Zone17,0.004
b9f49657be5a7c9da830c0ff75e497aa_Zone5,0.004
b9f49657be5a7c9da830c0ff75e497aa_Zone6,0.004
b9f49657be5a7c9da830c0ff75e497aa_Zone7,0.004
b9f49657be5a7c9da830c0ff75e497aa_Zone17,0.004
9aeb4c826a79835c04428163b2805507_Zone5,0.004
9aeb4c826a79835c04428163b2805507_Zone6,0.004
9aeb4c826a79835c04428163b2805507_Zone7,0.9996456135807394
9aeb4c826a79835c04428163b2805507_Zone17,0.004
0b2996d90c7250a3acb63cab6ae5bebe_Zone5,0.9972393881398515
0b2996d90c7250a3acb63cab6ae5bebe_Zone6,0.004
0b2996d90c7250a3acb63cab6ae5bebe_Zone7,0.004
0b2996d90c7250a3acb63cab6ae5bebe_Zone17,0.004
53f844c24da6ba92e79a056cd4aa3627_Zone5,0.004
53f844c24da6ba92e79a056cd4aa3627_Zone6,0.004
53f844c24da6ba92e79a056cd4aa3627_Zone7,0.004
53f844c24da6ba92e79a056cd4aa3627_Zone17,0.004
8c74804799996ecb5ea45272ef387e41_Zone5,0.004
8c74804799996ecb5ea45272ef387e41_Zone6,0.004
8c74804799996ecb5ea45272ef387e41_Zone7,0.004
8c74804799996ecb5ea45272ef387e41_Zone17,0.004
bbf660665e2c8e34b80322150484ab4a_Zone5,0.004
bbf660665e2c8e34b80322150484ab4a_Zone6,0.004
bbf660665e2c8e34b80322150484ab4a_Zone7,0.004
bbf660665e2c8e34b80322150484ab4a_Zone17,0.004
12ed0db15024397106482c4983ad2d92_Zone5,0.004
12ed0db15024397106482c4983ad2d92_Zone6,0.004
12ed0db15024397106482c4983ad2d92_Zone7,0.004
12ed0db15024397106482c4983ad2d92_Zone17,0.004
1240199d7b5d6d1c709b13381a198b75_Zone5,0.21735021457809126
1240199d7b5d6d1c709b13381a198b75_Zone6,0.004
1240199d7b5d6d1c709b13381a198b75_Zone7,0.004
1240199d7b5d6d1c709b13381a198b75_Zone17,0.4858330700593128
08dc52d08482393070d8c71b11902636_Zone5,0.004
08dc52d08482393070d8c71b11902636_Zone6,0.004
08dc52d08482393070d8c71b11902636_Zone7,0.004
08dc52d08482393070d8c71b11902636_Zone17,0.004
54becfebc071bf769a187bd50981f186_Zone5,0.004
54becfebc071bf769a187bd50981f186_Zone6,0.004
54becfebc071bf769a187bd50981f186_Zone7,0.004
54becfebc071bf769a187bd50981f186_Zone17,0.004
5ad549b6c14ae5528a56216360e87829_Zone5,0.004
5ad549b6c14ae5528a56216360e87829_Zone6,0.004
5ad549b6c14ae5528a56216360e87829_Zone7,0.004
5ad549b6c14ae5528a56216360e87829_Zone17,0.004
6efc41a030bd27eb70407184e427b165_Zone5,0.004
6efc41a030bd27eb70407184e427b165_Zone6,0.004
6efc41a030bd27eb70407184e427b165_Zone7,0.004
6efc41a030bd27eb70407184e427b165_Zone17,0.004
cc9df85ad3f810f32450be5afcbaa019_Zone5,0.004
cc9df85ad3f810f32450be5afcbaa019_Zone6,0.004
cc9df85ad3f810f32450be5afcbaa019_Zone7,0.004
cc9df85ad3f810f32450be5afcbaa019_Zone17,0.004
adc28b596accd5039620bfef68feacf3_Zone5,0.004
adc28b596accd5039620bfef68feacf3_Zone6,0.004
adc28b596accd5039620bfef68feacf3_Zone7,0.004
adc28b596accd5039620bfef68feacf3_Zone17,0.09118946124006473
6ad2f3e44e78a904d17965f91148bae7_Zone5,0.004
6ad2f3e44e78a904d17965f91148bae7_Zone6,0.004
6ad2f3e44e78a904d17965f91148bae7_Zone7,0.9947921178527142
6ad2f3e44e78a904d17965f91148bae7_Zone17,0.004
cf0a5e997ce34fbd415f12ca95dcfcc5_Zone5,0.004
cf0a5e997ce34fbd415f12ca95dcfcc5_Zone6,0.004
cf0a5e997ce34fbd415f12ca95dcfcc5_Zone7,0.004
cf0a5e997ce34fbd415f12ca95dcfcc5_Zone17,0.004
cf07122136018767ce90ad0e2123da04_Zone5,0.004
cf07122136018767ce90ad0e2123da04_Zone6,0.9903947622889475
cf07122136018767ce90ad0e2123da04_Zone7,0.004
cf07122136018767ce90ad0e2123da04_Zone17,0.004
78e2a05bb2cb447cbbc4b13fce385eff_Zone5,0.004
78e2a05bb2cb447cbbc4b13fce385eff_Zone6,0.004
78e2a05bb2cb447cbbc4b13fce385eff_Zone7,0.004
78e2a05bb2cb447cbbc4b13fce385eff_Zone17,0.004
5a09d8d04a872ea04f7043bc5e0cfff8_Zone5,0.004
5a09d8d04a872ea04f7043bc5e0cfff8_Zone6,0.004
5a09d8d04a872ea04f7043bc5e0cfff8_Zone7,0.004
5a09d8d04a872ea04f7043bc5e0cfff8_Zone17,0.004
3de88afea1b8fd356b119c5b44dcb47e_Zone5,0.004
3de88afea1b8fd356b119c5b44dcb47e_Zone6,0.004
3de88afea1b8fd356b119c5b44dcb47e_Zone7,0.004
3de88afea1b8fd356b119c5b44dcb47e_Zone17,0.004
b44e79c5283d5b7aa587ac26c8f3803a_Zone5,0.9446056200244557
b44e79c5283d5b7aa587ac26c8f3803a_Zone6,0.004
b44e79c5283d5b7aa587ac26c8f3803a_Zone7,0.004
b44e79c5283d5b7aa587ac26c8f3803a_Zone17,0.9963498332137761
8cad214bfc98e58fb873130aa71c8503_Zone5,0.004
8cad214bfc98e58fb873130aa71c8503_Zone6,0.004
8cad214bfc98e58fb873130aa71c8503_Zone7,0.004
8cad214bfc98e58fb873130aa71c8503_Zone17,0.004
b805325a87f8132b90efccfe3a024023_Zone5,0.004
b805325a87f8132b90efccfe3a024023_Zone6,0.9361916109923016
b805325a87f8132b90efccfe3a024023_Zone7,0.004
b805325a87f8132b90efccfe3a024023_Zone17,0.29132279685750073
1ccf082d6f3d51bd55113fb092be0e59_Zone5,0.004
1ccf082d6f3d51bd55113fb092be0e59_Zone6,0.004
1ccf082d6f3d51bd55113fb092be0e59_Zone7,0.004
1ccf082d6f3d51bd55113fb092be0e59_Zone17,0.004
8a59e4cd0ab21f8ac3c468ab63d2bc02_Zone5,0.004
8a59e4cd0ab21f8ac3c468ab63d2bc02_Zone6,0.004
8a59e4cd0ab21f8ac3c468ab63d2bc02_Zone7,0.004
8a59e4cd0ab21f8ac3c468ab63d2bc02_Zone17,0.004
334cfc11aceab7e8bbd1d711f70c514d_Zone5,0.004
334cfc11aceab7e8bbd1d711f70c514d_Zone6,0.004
334cfc11aceab7e8bbd1d711f70c514d_Zone7,0.004
334cfc11aceab7e8bbd1d711f70c514d_Zone17,0.004
433d90f22cd87cb66139d491f753470f_Zone5,0.004
433d90f22cd87cb66139d491f753470f_Zone6,0.004
433d90f22cd87cb66139d491f753470f_Zone7,0.004
433d90f22cd87cb66139d491f753470f_Zone17,0.9991733370734148
47101ab882f74b44d325c4309f5a45da_Zone5,0.004
47101ab882f74b44d325c4309f5a45da_Zone6,0.004
47101ab882f74b44d325c4309f5a45da_Zone7,0.004
47101ab882f74b44d325c4309f5a45da_Zone17,0.004
c49a9aaa0c748cc5a4e88b30504a7732_Zone5,0.7485887430864506
c49a9aaa0c748cc5a4e88b30504a7732_Zone6,0.004
c49a9aaa0c748cc5a4e88b30504a7732_Zone7,0.004
c49a9aaa0c748cc5a4e88b30504a7732_Zone17,0.004
50c146d2bef02ff453f63104968bd456_Zone5,0.004
50c146d2bef02ff453f63104968bd456_Zone6,0.004
50c146d2bef02ff453f63104968bd456_Zone7,0.004
50c146d2bef02ff453f63104968bd456_Zone17,0.004
80f5b34aa8c962cc30138bc9c70343b5_Zone5,0.004
80f5b34aa8c962cc30138bc9c70343b5_Zone6,0.004
80f5b34aa8c962cc30138bc9c70343b5_Zone7,0.8857028241699302
80f5b34aa8c962cc30138bc9c70343b5_Zone17,0.004
cf40b637efa6ec70e7281dedbfdcc1c4_Zone5,0.004
cf40b637efa6ec70e7281dedbfdcc1c4_Zone6,0.004
cf40b637efa6ec70e7281dedbfdcc1c4_Zone7,0.004
cf40b637efa6ec70e7281dedbfdcc1c4_Zone17,0.004
27069e6977eb7e0ccd913af254932e39_Zone5,0.004
27069e6977eb7e0ccd913af254932e39_Zone6,0.004
27069e6977eb7e0ccd913af254932e39_Zone7,0.004
27069e6977eb7e0ccd913af254932e39_Zone17,0.004
bad6cac85809cbc9bc7c3d8dfd063841_Zone5,0.004
bad6cac85809cbc9bc7c3d8dfd063841_Zone6,0.004
bad6cac85809cbc9bc7c3d8dfd063841_Zone7,0.004
bad6cac85809cbc9bc7c3d8dfd063841_Zone17,0.004
be0008e3e3ce57188aa0509d5a557ced_Zone5,0.004
be0008e3e3ce57188aa0509d5a557ced_Zone6,0.004
be0008e3e3ce57188aa0509d5a557ced_Zone7,0.004
be0008e3e3ce57188aa0509d5a557ced_Zone17,0.004
5b900a35f3e9591914ea328cacb73dfa_Zone5,0.004
5b900a35f3e9591914ea328cacb73dfa_Zone6,0.004
5b900a35f3e9591914ea328cacb73dfa_Zone7,0.004
5b900a35f3e9591914ea328cacb73dfa_Zone17,0.004
9e3ed73cf898679f5849315d9daae83a_Zone5,0.004
9e3ed73cf898679f5849315d9daae83a_Zone6,0.004
9e3ed73cf898679f5849315d9daae83a_Zone7,0.004
9e3ed73cf898679f5849315d9daae83a_Zone17,0.004
db915c7821080439403d1ab21930f8a4_Zone5,0.34393836410110806
db915c7821080439403d1ab21930f8a4_Zone6,0.004
db915c7821080439403d1ab21930f8a4_Zone7,0.004
db915c7821080439403d1ab21930f8a4_Zone17,0.004
5a6122a9c7b29434c985dac7f6f2a5d6_Zone5,0.004
5a6122a9c7b29434c985dac7f6f2a5d6_Zone6,0.004
5a6122a9c7b29434c985dac7f6f2a5d6_Zone7,0.004
5a6122a9c7b29434c985dac7f6f2a5d6_Zone17,0.9953046844964304
572b2d27afbfc215f55040501a0ae8b8_Zone5,0.004
572b2d27afbfc215f55040501a0ae8b8_Zone6,0.8651781322281139
572b2d27afbfc215f55040501a0ae8b8_Zone7,0.7745035877602425
572b2d27afbfc215f55040501a0ae8b8_Zone17,0.004
ad4a88206e1e7843b954997fa019cbe1_Zone5,0.004
ad4a88206e1e7843b954997fa019cbe1_Zone6,0.004
ad4a88206e1e7843b954997fa019cbe1_Zone7,0.004
ad4a88206e1e7843b954997fa019cbe1_Zone17,0.05207246184821726
366b47c7a8ccab2cd0e5834dde998765_Zone5,0.004
366b47c7a8ccab2cd0e5834dde998765_Zone6,0.9998403082144341
366b47c7a8ccab2cd0e5834dde998765_Zone7,0.004
366b47c7a8ccab2cd0e5834dde998765_Zone17,0.004
84c8eb37e1d8b6a31178fb7acde129cc_Zone5,0.004
84c8eb37e1d8b6a31178fb7acde129cc_Zone6,0.004
84c8eb37e1d8b6a31178fb7acde129cc_Zone7,0.004
84c8eb37e1d8b6a31178fb7acde129cc_Zone17,0.004
76187ea862405caf22ce4626a0865d7e_Zone5,0.004
76187ea862405caf22ce4626a0865d7e_Zone6,0.9976701889815007
76187ea862405caf22ce4626a0865d7e_Zone7,0.004
76187ea862405caf22ce4626a0865d7e_Zone17,0.004
86b8e947df9cc7d357e8d5f44a63af0d_Zone5,0.004
86b8e947df9cc7d357e8d5f44a63af0d_Zone6,0.004
86b8e947df9cc7d357e8d5f44a63af0d_Zone7,0.004
86b8e947df9cc7d357e8d5f44a63af0d_Zone17,0.004
cb4aad9898654da3b7a079837d452c7a_Zone5,0.004
cb4aad9898654da3b7a079837d452c7a_Zone6,0.004
cb4aad9898654da3b7a079837d452c7a_Zone7,0.004
cb4aad9898654da3b7a079837d452c7a_Zone17,0.030436642517248168
a1dab2b6bbdfec641c63b14c63eecc8f_Zone5,0.004
a1dab2b6bbdfec641c63b14c63eecc8f_Zone6,0.004
a1dab2b6bbdfec641c63b14c63eecc8f_Zone7,0.004
a1dab2b6bbdfec641c63b14c63eecc8f_Zone17,0.004
49c3fc4b14948ab097a3462bb825e2f0_Zone5,0.004
49c3fc4b14948ab097a3462bb825e2f0_Zone6,0.004
49c3fc4b14948ab097a3462bb825e2f0_Zone7,0.004
49c3fc4b14948ab097a3462bb825e2f0_Zone17,0.004
e5c71e8fddb958908a69dbc1ddf074ba_Zone5,0.004
e5c71e8fddb958908a69dbc1ddf074ba_Zone6,0.004
e5c71e8fddb958908a69dbc1ddf074ba_Zone7,0.004
e5c71e8fddb958908a69dbc1ddf074ba_Zone17,0.004
6876581e7bfb9a417b0f50ded0c44191_Zone5,0.004
6876581e7bfb9a417b0f50ded0c44191_Zone6,0.004
6876581e7bfb9a417b0f50ded0c44191_Zone7,0.004
6876581e7bfb9a417b0f50ded0c44191_Zone17,0.004
c864d6466ebf808bc293173c9a5df709_Zone5,0.004
c864d6466ebf808bc293173c9a5df709_Zone6,0.004
c864d6466ebf808bc293173c9a5df709_Zone7,0.004
c864d6466ebf808bc293173c9a5df709_Zone17,0.004
ce8ab5548464940a8a14a813a75500d0_Zone5,0.004
ce8ab5548464940a8a14a813a75500d0_Zone6,0.004
ce8ab5548464940a8a14a813a75500d0_Zone7,0.004
ce8ab5548464940a8a14a813a75500d0_Zone17,0.004
89a7c3afee3ab7851f28cd66ed4bba53_Zone5,0.004
89a7c3afee3ab7851f28cd66ed4bba53_Zone6,0.004
89a7c3afee3ab7851f28cd66ed4bba53_Zone7,0.004
89a7c3afee3ab7851f28cd66ed4bba53_Zone17,0.004
6ec5ce5500d9ce14887e64f47486ad5f_Zone5,0.004
6ec5ce5500d9ce14887e64f47486ad5f_Zone6,0.004
6ec5ce5500d9ce14887e64f47486ad5f_Zone7,0.004
6ec5ce5500d9ce14887e64f47486ad5f_Zone17,0.004
123d65c19a4d7f395b3719d47d5666b5_Zone5,0.004
123d65c19a4d7f395b3719d47d5666b5_Zone6,0.004
123d65c19a4d7f395b3719d47d5666b5_Zone7,0.004
123d65c19a4d7f395b3719d47d5666b5_Zone17,0.004
58d8d053c3b4585d4462f5ecb1452cdb_Zone5,0.004
58d8d053c3b4585d4462f5ecb1452cdb_Zone6,0.004
58d8d053c3b4585d4462f5ecb1452cdb_Zone7,0.004
58d8d053c3b4585d4462f5ecb1452cdb_Zone17,0.004
ea3290d7769b069f78656ea2217067b3_Zone5,0.004
ea3290d7769b069f78656ea2217067b3_Zone6,0.004
ea3290d7769b069f78656ea2217067b3_Zone7,0.004
ea3290d7769b069f78656ea2217067b3_Zone17,0.004
4e400a40fb57cb44bfa0019fc8ebb63b_Zone5,0.004
4e400a40fb57cb44bfa0019fc8ebb63b_Zone6,0.004
4e400a40fb57cb44bfa0019fc8ebb63b_Zone7,0.004
4e400a40fb57cb44bfa0019fc8ebb63b_Zone17,0.004
53c9d8c270112c05d9906e4b492c067a_Zone5,0.7709784406560822
53c9d8c270112c05d9906e4b492c067a_Zone6,0.004
53c9d8c270112c05d9906e4b492c067a_Zone7,0.004
53c9d8c270112c05d9906e4b492c067a_Zone17,0.004
77e6f30d7fb024b57861075d9cdb2e61_Zone5,0.004
77e6f30d7fb024b57861075d9cdb2e61_Zone6,0.004
77e6f30d7fb024b57861075d9cdb2e61_Zone7,0.004
77e6f30d7fb024b57861075d9cdb2e61_Zone17,0.004
1cb13f156bd436222447dd658180bd96_Zone5,0.004
1cb13f156bd436222447dd658180bd96_Zone6,0.004
1cb13f156bd436222447dd658180bd96_Zone7,0.6332311898513251
1cb13f156bd436222447dd658180bd96_Zone17,0.004
0fadb2ac7be1a0ed6fb7cd81372c18ba_Zone5,0.004
0fadb2ac7be1a0ed6fb7cd81372c18ba_Zone6,0.004
0fadb2ac7be1a0ed6fb7cd81372c18ba_Zone7,0.004
0fadb2ac7be1a0ed6fb7cd81372c18ba_Zone17,0.004
e1b48bcc8d13f1cdf8e1e98383ac5fae_Zone5,0.9997612082587649
e1b48bcc8d13f1cdf8e1e98383ac5fae_Zone6,0.004
e1b48bcc8d13f1cdf8e1e98383ac5fae_Zone7,0.004
e1b48bcc8d13f1cdf8e1e98383ac5fae_Zone17,0.20113137142748116
8cc399745b482846956be7307b0bd70f_Zone5,0.9436316748444993
8cc399745b482846956be7307b0bd70f_Zone6,0.004
8cc399745b482846956be7307b0bd70f_Zone7,0.004
8cc399745b482846956be7307b0bd70f_Zone17,0.004
249092cc1775fabcb79ba439ba974759_Zone5,0.004
249092cc1775fabcb79ba439ba974759_Zone6,0.004
249092cc1775fabcb79ba439ba974759_Zone7,0.004
249092cc1775fabcb79ba439ba974759_Zone17,0.004
4fe8088fd2a96d3d36e45600c75964a8_Zone5,0.004
4fe8088fd2a96d3d36e45600c75964a8_Zone6,0.004
4fe8088fd2a96d3d36e45600c75964a8_Zone7,0.004
4fe8088fd2a96d3d36e45600c75964a8_Zone17,0.004
104e284349ffe68378745fc8c5638eab_Zone5,0.004
104e284349ffe68378745fc8c5638eab_Zone6,0.004
104e284349ffe68378745fc8c5638eab_Zone7,0.004
104e284349ffe68378745fc8c5638eab_Zone17,0.004
d9a7e03c0bc6d9eaf711152972cf99ae_Zone5,0.004
d9a7e03c0bc6d9eaf711152972cf99ae_Zone6,0.004
d9a7e03c0bc6d9eaf711152972cf99ae_Zone7,0.9860539363204978
d9a7e03c0bc6d9eaf711152972cf99ae_Zone17,0.004
2b81524a1a36b6b91baf7c84dc16b29b_Zone5,0.004
2b81524a1a36b6b91baf7c84dc16b29b_Zone6,0.004
2b81524a1a36b6b91baf7c84dc16b29b_Zone7,0.004
2b81524a1a36b6b91baf7c84dc16b29b_Zone17,0.004
7165af08cab4f780450d5cd41d7568f2_Zone5,0.004
7165af08cab4f780450d5cd41d7568f2_Zone6,0.004
7165af08cab4f780450d5cd41d7568f2_Zone7,0.004
7165af08cab4f780450d5cd41d7568f2_Zone17,0.004
a9279d73c52859e47cc73c73f4ebdec1_Zone5,0.004
a9279d73c52859e47cc73c73f4ebdec1_Zone6,0.004
a9279d73c52859e47cc73c73f4ebdec1_Zone7,0.004
a9279d73c52859e47cc73c73f4ebdec1_Zone17,0.004
0367394485447c1c3485359ba71f52cb_Zone5,0.004
0367394485447c1c3485359ba71f52cb_Zone6,0.9893550424597466
0367394485447c1c3485359ba71f52cb_Zone7,0.004
0367394485447c1c3485359ba71f52cb_Zone17,0.004
92447e0dccf16de23066830b85ef1445_Zone5,0.004
92447e0dccf16de23066830b85ef1445_Zone6,0.004
92447e0dccf16de23066830b85ef1445_Zone7,0.004
92447e0dccf16de23066830b85ef1445_Zone17,0.004
c25859785ce48c8c8d7e1b4e19a6617b_Zone5,0.004
c25859785ce48c8c8d7e1b4e19a6617b_Zone6,0.004
c25859785ce48c8c8d7e1b4e19a6617b_Zone7,0.004
c25859785ce48c8c8d7e1b4e19a6617b_Zone17,0.9996332487696716
77fa6aa1e3c2ac6ec2c31457abcc2ca2_Zone5,0.004
77fa6aa1e3c2ac6ec2c31457abcc2ca2_Zone6,0.004
77fa6aa1e3c2ac6ec2c31457abcc2ca2_Zone7,0.004
77fa6aa1e3c2ac6ec2c31457abcc2ca2_Zone17,0.004
6195fafc8d524bba24a71c862ae43b27_Zone5,0.004
6195fafc8d524bba24a71c862ae43b27_Zone6,0.004
6195fafc8d524bba24a71c862ae43b27_Zone7,0.004
6195fafc8d524bba24a71c862ae43b27_Zone17,0.004
1b861c23fc370c326ec8342733ef5d84_Zone5,0.004
1b861c23fc370c326ec8342733ef5d84_Zone6,0.004
1b861c23fc370c326ec8342733ef5d84_Zone7,0.004
1b861c23fc370c326ec8342733ef5d84_Zone17,0.004
4d09ae2cb8b4841f93b256e1af2212e2_Zone5,0.004
4d09ae2cb8b4841f93b256e1af2212e2_Zone6,0.004
4d09ae2cb8b4841f93b256e1af2212e2_Zone7,0.004
4d09ae2cb8b4841f93b256e1af2212e2_Zone17,0.9295124901772642
981a04410b05dd40c538f84b02300759_Zone5,0.004
981a04410b05dd40c538f84b02300759_Zone6,0.004
981a04410b05dd40c538f84b02300759_Zone7,0.004
981a04410b05dd40c538f84b02300759_Zone17,0.004
0749d03b6d2d1eebb6c24ecb3c36e645_Zone5,0.004
0749d03b6d2d1eebb6c24ecb3c36e645_Zone6,0.004
0749d03b6d2d1eebb6c24ecb3c36e645_Zone7,0.004
0749d03b6d2d1eebb6c24ecb3c36e645_Zone17,0.004
5ac9b630644efda24a7888b4905e422c_Zone5,0.004
5ac9b630644efda24a7888b4905e422c_Zone6,0.004
5ac9b630644efda24a7888b4905e422c_Zone7,0.004
5ac9b630644efda24a7888b4905e422c_Zone17,0.004
0fd54393dce1f55b5a4d7e30b8642158_Zone8,0.004
0fd54393dce1f55b5a4d7e30b8642158_Zone9,0.004
0fd54393dce1f55b5a4d7e30b8642158_Zone10,0.004
0fd54393dce1f55b5a4d7e30b8642158_Zone11,0.004
0fd54393dce1f55b5a4d7e30b8642158_Zone12,0.004
0a83698bce92a6824dcc37c1d7fc31f5_Zone8,0.004
0a83698bce92a6824dcc37c1d7fc31f5_Zone9,0.004
0a83698bce92a6824dcc37c1d7fc31f5_Zone10,0.004
0a83698bce92a6824dcc37c1d7fc31f5_Zone11,0.004
0a83698bce92a6824dcc37c1d7fc31f5_Zone12,0.004
e05f6b1f43da2b6cffdb1fcf2e3bb930_Zone8,0.004
e05f6b1f43da2b6cffdb1fcf2e3bb930_Zone9,0.9406748562949042
e05f6b1f43da2b6cffdb1fcf2e3bb930_Zone10,0.004
e05f6b1f43da2b6cffdb1fcf2e3bb930_Zone11,0.004
e05f6b1f43da2b6cffdb1fcf2e3bb930_Zone12,0.004
35fcc4eea20865907dd58ad98684d52b_Zone8,0.004
35fcc4eea20865907dd58ad98684d52b_Zone9,0.004
35fcc4eea20865907dd58ad98684d52b_Zone10,0.9948132994843496
35fcc4eea20865907dd58ad98684d52b_Zone11,0.004
35fcc4eea20865907dd58ad98684d52b_Zone12,0.004
28970155f9954bbd7d5c737b60a66b5a_Zone8,0.004
28970155f9954bbd7d5c737b60a66b5a_Zone9,0.004
28970155f9954bbd7d5c737b60a66b5a_Zone10,0.004
28970155f9954bbd7d5c737b60a66b5a_Zone11,0.004
28970155f9954bbd7d5c737b60a66b5a_Zone12,0.004
77f978889c53f450cef41dd5c559f800_Zone8,0.004
77f978889c53f450cef41dd5c559f800_Zone9,0.004
77f978889c53f450cef41dd5c559f800_Zone10,0.004
77f978889c53f450cef41dd5c559f800_Zone11,0.004
77f978889c53f450cef41dd5c559f800_Zone12,0.7464072749046217
8266fe33ef4df80aa66ff25bb0713c64_Zone8,0.998079410457383
8266fe33ef4df80aa66ff25bb0713c64_Zone9,0.004
8266fe33ef4df80aa66ff25bb0713c64_Zone10,0.004
8266fe33ef4df80aa66ff25bb0713c64_Zone11,0.004
8266fe33ef4df80aa66ff25bb0713c64_Zone12,0.004
dc86f115cbad5fec85ad22b3d7600e0a_Zone8,0.004
dc86f115cbad5fec85ad22b3d7600e0a_Zone9,0.004
dc86f115cbad5fec85ad22b3d7600e0a_Zone10,0.004
dc86f115cbad5fec85ad22b3d7600e0a_Zone11,0.004
dc86f115cbad5fec85ad22b3d7600e0a_Zone12,0.004
8ae7925ff082e37b2b705071dae57db8_Zone8,0.004
8ae7925ff082e37b2b705071dae57db8_Zone9,0.004
8ae7925ff082e37b2b705071dae57db8_Zone10,0.004
8ae7925ff082e37b2b705071dae57db8_Zone11,0.004
8ae7925ff082e37b2b705071dae57db8_Zone12,0.004
e0c39c6bf891474438bc44e05a953781_Zone8,0.004
e0c39c6bf891474438bc44e05a953781_Zone9,0.004
e0c39c6bf891474438bc44e05a953781_Zone10,0.004
e0c39c6bf891474438bc44e05a953781_Zone11,0.004
e0c39c6bf891474438bc44e05a953781_Zone12,0.004
667e6cb559880b13e123970d7d443a76_Zone8,0.004
667e6cb559880b13e123970d7d443a76_Zone9,0.004
667e6cb559880b13e123970d7d443a76_Zone10,0.004
667e6cb559880b13e123970d7d443a76_Zone11,0.004
667e6cb559880b13e123970d7d443a76_Zone12,0.004
b7076e8fa7af8ce574ccdb59f1c1c7b2_Zone8,0.004
b7076e8fa7af8ce574ccdb59f1c1c7b2_Zone9,0.004
b7076e8fa7af8ce574ccdb59f1c1c7b2_Zone10,0.004
b7076e8fa7af8ce574ccdb59f1c1c7b2_Zone11,0.004
b7076e8fa7af8ce574ccdb59f1c1c7b2_Zone12,0.004
45e7ebd5a3cac11dcafdee7b1d79003f_Zone8,0.004
45e7ebd5a3cac11dcafdee7b1d79003f_Zone9,0.004
45e7ebd5a3cac11dcafdee7b1d79003f_Zone10,0.004
45e7ebd5a3cac11dcafdee7b1d79003f_Zone11,0.004
45e7ebd5a3cac11dcafdee7b1d79003f_Zone12,0.004
d9b6081197ee70ebcaeabc8bf7749792_Zone8,0.004
d9b6081197ee70ebcaeabc8bf7749792_Zone9,0.004
d9b6081197ee70ebcaeabc8bf7749792_Zone10,0.004
d9b6081197ee70ebcaeabc8bf7749792_Zone11,0.004
d9b6081197ee70ebcaeabc8bf7749792_Zone12,0.004
b26e79a465ebac796ceb022cb998c236_Zone8,0.004
b26e79a465ebac796ceb022cb998c236_Zone9,0.004
b26e79a465ebac796ceb022cb998c236_Zone10,0.004
b26e79a465ebac796ceb022cb998c236_Zone11,0.004
b26e79a465ebac796ceb022cb998c236_Zone12,0.6258589047729074
a53984435fe0345028ecc9b1fdf85a23_Zone8,0.9999498239220515
a53984435fe0345028ecc9b1fdf85a23_Zone9,0.004
a53984435fe0345028ecc9b1fdf85a23_Zone10,0.004
a53984435fe0345028ecc9b1fdf85a23_Zone11,0.004
a53984435fe0345028ecc9b1fdf85a23_Zone12,0.004
bd2504fa78db460fb92eb3764a46b3db_Zone8,0.004
bd2504fa78db460fb92eb3764a46b3db_Zone9,0.004
bd2504fa78db460fb92eb3764a46b3db_Zone10,0.004
bd2504fa78db460fb92eb3764a46b3db_Zone11,0.004
bd2504fa78db460fb92eb3764a46b3db_Zone12,0.004
1cef83028272a04070fbdffae5796a87_Zone8,0.004
1cef83028272a04070fbdffae5796a87_Zone9,0.004
1cef83028272a04070fbdffae5796a87_Zone10,0.004
1cef83028272a04070fbdffae5796a87_Zone11,0.004
1cef83028272a04070fbdffae5796a87_Zone12,0.004
9d340a2292b91b6d365091dcec525c53_Zone8,0.004
9d340a2292b91b6d365091dcec525c53_Zone9,0.004
9d340a2292b91b6d365091dcec525c53_Zone10,0.004
9d340a2292b91b6d365091dcec525c53_Zone11,0.004
9d340a2292b91b6d365091dcec525c53_Zone12,0.004
b9f49657be5a7c9da830c0ff75e497aa_Zone8,0.004
b9f49657be5a7c9da830c0ff75e497aa_Zone9,0.004
b9f49657be5a7c9da830c0ff75e497aa_Zone10,0.004
b9f49657be5a7c9da830c0ff75e497aa_Zone11,0.004
b9f49657be5a7c9da830c0ff75e497aa_Zone12,0.004
9aeb4c826a79835c04428163b2805507_Zone8,0.004
9aeb4c826a79835c04428163b2805507_Zone9,0.004
9aeb4c826a79835c04428163b2805507_Zone10,0.004
9aeb4c826a79835c04428163b2805507_Zone11,0.004
9aeb4c826a79835c04428163b2805507_Zone12,0.004
0b2996d90c7250a3acb63cab6ae5bebe_Zone8,0.004
0b2996d90c7250a3acb63cab6ae5bebe_Zone9,0.004
0b2996d90c7250a3acb63cab6ae5bebe_Zone10,0.004
0b2996d90c7250a3acb63cab6ae5bebe_Zone11,0.994617893923
0b2996d90c7250a3acb63cab6ae5bebe_Zone12,0.004
53f844c24da6ba92e79a056cd4aa3627_Zone8,0.004
53f844c24da6ba92e79a056cd4aa3627_Zone9,0.004
53f844c24da6ba92e79a056cd4aa3627_Zone10,0.004
53f844c24da6ba92e79a056cd4aa3627_Zone11,0.004
53f844c24da6ba92e79a056cd4aa3627_Zone12,0.004
8c74804799996ecb5ea45272ef387e41_Zone8,0.9995563372146555
8c74804799996ecb5ea45272ef387e41_Zone9,0.004
8c74804799996ecb5ea45272ef387e41_Zone10,0.004
8c74804799996ecb5ea45272ef387e41_Zone11,0.004
8c74804799996ecb5ea45272ef387e41_Zone12,0.5540908866296882
bbf660665e2c8e34b80322150484ab4a_Zone8,0.5267794838058641
bbf660665e2c8e34b80322150484ab4a_Zone9,0.004
bbf660665e2c8e34b80322150484ab4a_Zone10,0.004
bbf660665e2c8e34b80322150484ab4a_Zone11,0.004
bbf660665e2c8e34b80322150484ab4a_Zone12,0.004
12ed0db15024397106482c4983ad2d92_Zone8,0.004
12ed0db15024397106482c4983ad2d92_Zone9,0.004
12ed0db15024397106482c4983ad2d92_Zone10,0.004
12ed0db15024397106482c4983ad2d92_Zone11,0.004
12ed0db15024397106482c4983ad2d92_Zone12,0.004
1240199d7b5d6d1c709b13381a198b75_Zone8,0.004
1240199d7b5d6d1c709b13381a198b75_Zone9,0.5188267443679506
1240199d7b5d6d1c709b13381a198b75_Zone10,0.004
1240199d7b5d6d1c709b13381a198b75_Zone11,0.004
1240199d7b5d6d1c709b13381a198b75_Zone12,0.004
08dc52d08482393070d8c71b11902636_Zone8,0.004
08dc52d08482393070d8c71b11902636_Zone9,0.004
08dc52d08482393070d8c71b11902636_Zone10,0.004
08dc52d08482393070d8c71b11902636_Zone11,0.004
08dc52d08482393070d8c71b11902636_Zone12,0.004
54becfebc071bf769a187bd50981f186_Zone8,0.004
54becfebc071bf769a187bd50981f186_Zone9,0.004
54becfebc071bf769a187bd50981f186_Zone10,0.004
54becfebc071bf769a187bd50981f186_Zone11,0.004
54becfebc071bf769a187bd50981f186_Zone12,0.004
5ad549b6c14ae5528a56216360e87829_Zone8,0.004
5ad549b6c14ae5528a56216360e87829_Zone9,0.004
5ad549b6c14ae5528a56216360e87829_Zone10,0.004
5ad549b6c14ae5528a56216360e87829_Zone11,0.004
5ad549b6c14ae5528a56216360e87829_Zone12,0.004
6efc41a030bd27eb70407184e427b165_Zone8,0.004
6efc41a030bd27eb70407184e427b165_Zone9,0.004
6efc41a030bd27eb70407184e427b165_Zone10,0.9845878236022273
6efc41a030bd27eb70407184e427b165_Zone11,0.004
6efc41a030bd27eb70407184e427b165_Zone12,0.004
cc9df85ad3f810f32450be5afcbaa019_Zone8,0.004
cc9df85ad3f810f32450be5afcbaa019_Zone9,0.004
cc9df85ad3f810f32450be5afcbaa019_Zone10,0.004
cc9df85ad3f810f32450be5afcbaa019_Zone11,0.004
cc9df85ad3f810f32450be5afcbaa019_Zone12,0.004
adc28b596accd5039620bfef68feacf3_Zone8,0.004
adc28b596accd5039620bfef68feacf3_Zone9,0.004
adc28b596accd5039620bfef68feacf3_Zone10,0.004
adc28b596accd5039620bfef68feacf3_Zone11,0.004
adc28b596accd5039620bfef68feacf3_Zone12,0.004
6ad2f3e44e78a904d17965f91148bae7_Zone8,0.004
6ad2f3e44e78a904d17965f91148bae7_Zone9,0.004
6ad2f3e44e78a904d17965f91148bae7_Zone10,0.004
6ad2f3e44e78a904d17965f91148bae7_Zone11,0.004
6ad2f3e44e78a904d17965f91148bae7_Zone12,0.004
cf0a5e997ce34fbd415f12ca95dcfcc5_Zone8,0.9991173920649845
cf0a5e997ce34fbd415f12ca95dcfcc5_Zone9,0.004
cf0a5e997ce34fbd415f12ca95dcfcc5_Zone10,0.004
cf0a5e997ce34fbd415f12ca95dcfcc5_Zone11,0.004
cf0a5e997ce34fbd415f12ca95dcfcc5_Zone12,0.004
cf07122136018767ce90ad0e2123da04_Zone8,0.004
cf07122136018767ce90ad0e2123da04_Zone9,0.004
cf07122136018767ce90ad0e2123da04_Zone10,0.004
cf07122136018767ce90ad0e2123da04_Zone11,0.004
cf07122136018767ce90ad0e2123da04_Zone12,0.004
78e2a05bb2cb447cbbc4b13fce385eff_Zone8,0.004
78e2a05bb2cb447cbbc4b13fce385eff_Zone9,0.004
78e2a05bb2cb447cbbc4b13fce385eff_Zone10,0.004
78e2a05bb2cb447cbbc4b13fce385eff_Zone11,0.004
78e2a05bb2cb447cbbc4b13fce385eff_Zone12,0.004
5a09d8d04a872ea04f7043bc5e0cfff8_Zone8,0.004
5a09d8d04a872ea04f7043bc5e0cfff8_Zone9,0.004
5a09d8d04a872ea04f7043bc5e0cfff8_Zone10,0.004
5a09d8d04a872ea04f7043bc5e0cfff8_Zone11,0.004
5a09d8d04a872ea04f7043bc5e0cfff8_Zone12,0.5306553610870117
3de88afea1b8fd356b119c5b44dcb47e_Zone8,0.004
3de88afea1b8fd356b119c5b44dcb47e_Zone9,0.004
3de88afea1b8fd356b119c5b44dcb47e_Zone10,0.004
3de88afea1b8fd356b119c5b44dcb47e_Zone11,0.004
3de88afea1b8fd356b119c5b44dcb47e_Zone12,0.5529354079700337
b44e79c5283d5b7aa587ac26c8f3803a_Zone8,0.004
b44e79c5283d5b7aa587ac26c8f3803a_Zone9,0.004
b44e79c5283d5b7aa587ac26c8f3803a_Zone10,0.004
b44e79c5283d5b7aa587ac26c8f3803a_Zone11,0.004
b44e79c5283d5b7aa587ac26c8f3803a_Zone12,0.004
8cad214bfc98e58fb873130aa71c8503_Zone8,0.004
8cad214bfc98e58fb873130aa71c8503_Zone9,0.004
8cad214bfc98e58fb873130aa71c8503_Zone10,0.004
8cad214bfc98e58fb873130aa71c8503_Zone11,0.004
8cad214bfc98e58fb873130aa71c8503_Zone12,0.004
b805325a87f8132b90efccfe3a024023_Zone8,0.004
b805325a87f8132b90efccfe3a024023_Zone9,0.004
b805325a87f8132b90efccfe3a024023_Zone10,0.004
b805325a87f8132b90efccfe3a024023_Zone11,0.004
b805325a87f8132b90efccfe3a024023_Zone12,0.004
1ccf082d6f3d51bd55113fb092be0e59_Zone8,0.004
1ccf082d6f3d51bd55113fb092be0e59_Zone9,0.004
1ccf082d6f3d51bd55113fb092be0e59_Zone10,0.004
1ccf082d6f3d51bd55113fb092be0e59_Zone11,0.004
1ccf082d6f3d51bd55113fb092be0e59_Zone12,0.004
8a59e4cd0ab21f8ac3c468ab63d2bc02_Zone8,0.004
8a59e4cd0ab21f8ac3c468ab63d2bc02_Zone9,0.004
8a59e4cd0ab21f8ac3c468ab63d2bc02_Zone10,0.004
8a59e4cd0ab21f8ac3c468ab63d2bc02_Zone11,0.9712652751648189
8a59e4cd0ab21f8ac3c468ab63d2bc02_Zone12,0.004
334cfc11aceab7e8bbd1d711f70c514d_Zone8,0.004
334cfc11aceab7e8bbd1d711f70c514d_Zone9,0.004
334cfc11aceab7e8bbd1d711f70c514d_Zone10,0.004
334cfc11aceab7e8bbd1d711f70c514d_Zone11,0.004
334cfc11aceab7e8bbd1d711f70c514d_Zone12,0.5293557543366246
433d90f22cd87cb66139d491f753470f_Zone8,0.004
433d90f22cd87cb66139d491f753470f_Zone9,0.5293208739091079
433d90f22cd87cb66139d491f753470f_Zone10,0.004
433d90f22cd87cb66139d491f753470f_Zone11,0.004
433d90f22cd87cb66139d491f753470f_Zone12,0.7807253509906198
47101ab882f74b44d325c4309f5a45da_Zone8,0.004
47101ab882f74b44d325c4309f5a45da_Zone9,0.004
47101ab882f74b44d325c4309f5a45da_Zone10,0.9997189315399834
47101ab882f74b44d325c4309f5a45da_Zone11,0.004
47101ab882f74b44d325c4309f5a45da_Zone12,0.5763346323067191
c49a9aaa0c748cc5a4e88b30504a7732_Zone8,0.004
c49a9aaa0c748cc5a4e88b30504a7732_Zone9,0.5231607880136475
c49a9aaa0c748cc5a4e88b30504a7732_Zone10,0.004
c49a9aaa0c748cc5a4e88b30504a7732_Zone11,0.004
c49a9aaa0c748cc5a4e88b30504a7732_Zone12,0.004
50c146d2bef02ff453f63104968bd456_Zone8,0.9997375017844999
50c146d2bef02ff453f63104968bd456_Zone9,0.004
50c146d2bef02ff453f63104968bd456_Zone10,0.004
50c146d2bef02ff453f63104968bd456_Zone11,0.004
50c146d2bef02ff453f63104968bd456_Zone12,0.004
80f5b34aa8c962cc30138bc9c70343b5_Zone8,0.004
80f5b34aa8c962cc30138bc9c70343b5_Zone9,0.9446026811356834
80f5b34aa8c962cc30138bc9c70343b5_Zone10,0.004
80f5b34aa8c962cc30138bc9c70343b5_Zone11,0.004
80f5b34aa8c962cc30138bc9c70343b5_Zone12,0.5329922933759481
cf40b637efa6ec70e7281dedbfdcc1c4_Zone8,0.004
cf40b637efa6ec70e7281dedbfdcc1c4_Zone9,0.004
cf40b637efa6ec70e7281dedbfdcc1c4_Zone10,0.004
cf40b637efa6ec70e7281dedbfdcc1c4_Zone11,0.004
cf40b637efa6ec70e7281dedbfdcc1c4_Zone12,0.004
27069e6977eb7e0ccd913af254932e39_Zone8,0.004
27069e6977eb7e0ccd913af254932e39_Zone9,0.004
27069e6977eb7e0ccd913af254932e39_Zone10,0.004
27069e6977eb7e0ccd913af254932e39_Zone11,0.004
27069e6977eb7e0ccd913af254932e39_Zone12,0.004
bad6cac85809cbc9bc7c3d8dfd063841_Zone8,0.004
bad6cac85809cbc9bc7c3d8dfd063841_Zone9,0.004
bad6cac85809cbc9bc7c3d8dfd063841_Zone10,0.004
bad6cac85809cbc9bc7c3d8dfd063841_Zone11,0.004
bad6cac85809cbc9bc7c3d8dfd063841_Zone12,0.9668024614550867
be0008e3e3ce57188aa0509d5a557ced_Zone8,0.004
be0008e3e3ce57188aa0509d5a557ced_Zone9,0.004
be0008e3e3ce57188aa0509d5a557ced_Zone10,0.004
be0008e3e3ce57188aa0509d5a557ced_Zone11,0.004
be0008e3e3ce57188aa0509d5a557ced_Zone12,0.004
5b900a35f3e9591914ea328cacb73dfa_Zone8,0.004
5b900a35f3e9591914ea328cacb73dfa_Zone9,0.004
5b900a35f3e9591914ea328cacb73dfa_Zone10,0.004
5b900a35f3e9591914ea328cacb73dfa_Zone11,0.004
5b900a35f3e9591914ea328cacb73dfa_Zone12,0.004
9e3ed73cf898679f5849315d9daae83a_Zone8,0.004
9e3ed73cf898679f5849315d9daae83a_Zone9,0.004
9e3ed73cf898679f5849315d9daae83a_Zone10,0.004
9e3ed73cf898679f5849315d9daae83a_Zone11,0.004
9e3ed73cf898679f5849315d9daae83a_Zone12,0.525913633362562
db915c7821080439403d1ab21930f8a4_Zone8,0.004
db915c7821080439403d1ab21930f8a4_Zone9,0.004
db915c7821080439403d1ab21930f8a4_Zone10,0.004
db915c7821080439403d1ab21930f8a4_Zone11,0.004
db915c7821080439403d1ab21930f8a4_Zone12,0.004
5a6122a9c7b29434c985dac7f6f2a5d6_Zone8,0.004
5a6122a9c7b29434c985dac7f6f2a5d6_Zone9,0.004
5a6122a9c7b29434c985dac7f6f2a5d6_Zone10,0.004
5a6122a9c7b29434c985dac7f6f2a5d6_Zone11,0.9990255647033602
5a6122a9c7b29434c985dac7f6f2a5d6_Zone12,0.004
572b2d27afbfc215f55040501a0ae8b8_Zone8,0.004
572b2d27afbfc215f55040501a0ae8b8_Zone9,0.004
572b2d27afbfc215f55040501a0ae8b8_Zone10,0.004
572b2d27afbfc215f55040501a0ae8b8_Zone11,0.004
572b2d27afbfc215f55040501a0ae8b8_Zone12,0.004
ad4a88206e1e7843b954997fa019cbe1_Zone8,0.004
ad4a88206e1e7843b954997fa019cbe1_Zone9,0.004
ad4a88206e1e7843b954997fa019cbe1_Zone10,0.5677244930797022
ad4a88206e1e7843b954997fa019cbe1_Zone11,0.004
ad4a88206e1e7843b954997fa019cbe1_Zone12,0.6002698869241889
366b47c7a8ccab2cd0e5834dde998765_Zone8,0.004
366b47c7a8ccab2cd0e5834dde998765_Zone9,0.004
366b47c7a8ccab2cd0e5834dde998765_Zone10,0.004
366b47c7a8ccab2cd0e5834dde998765_Zone11,0.004
366b47c7a8ccab2cd0e5834dde998765_Zone12,0.861901285618206
84c8eb37e1d8b6a31178fb7acde129cc_Zone8,0.004
84c8eb37e1d8b6a31178fb7acde129cc_Zone9,0.004
84c8eb37e1d8b6a31178fb7acde129cc_Zone10,0.004
84c8eb37e1d8b6a31178fb7acde129cc_Zone11,0.004
84c8eb37e1d8b6a31178fb7acde129cc_Zone12,0.5422179334640698
76187ea862405caf22ce4626a0865d7e_Zone8,0.004
76187ea862405caf22ce4626a0865d7e_Zone9,0.004
76187ea862405caf22ce4626a0865d7e_Zone10,0.004
76187ea862405caf22ce4626a0865d7e_Zone11,0.004
76187ea862405caf22ce4626a0865d7e_Zone12,0.004
86b8e947df9cc7d357e8d5f44a63af0d_Zone8,0.004
86b8e947df9cc7d357e8d5f44a63af0d_Zone9,0.004
86b8e947df9cc7d357e8d5f44a63af0d_Zone10,0.004
86b8e947df9cc7d357e8d5f44a63af0d_Zone11,0.004
86b8e947df9cc7d357e8d5f44a63af0d_Zone12,0.004
cb4aad9898654da3b7a079837d452c7a_Zone8,0.004
cb4aad9898654da3b7a079837d452c7a_Zone9,0.004
cb4aad9898654da3b7a079837d452c7a_Zone10,0.721034048653262
cb4aad9898654da3b7a079837d452c7a_Zone11,0.004
cb4aad9898654da3b7a079837d452c7a_Zone12,0.004
a1dab2b6bbdfec641c63b14c63eecc8f_Zone8,0.004
a1dab2b6bbdfec641c63b14c63eecc8f_Zone9,0.004
a1dab2b6bbdfec641c63b14c63eecc8f_Zone10,0.004
a1dab2b6bbdfec641c63b14c63eecc8f_Zone11,0.9952612324670745
a1dab2b6bbdfec641c63b14c63eecc8f_Zone12,0.004
49c3fc4b14948ab097a3462bb825e2f0_Zone8,0.004
49c3fc4b14948ab097a3462bb825e2f0_Zone9,0.004
49c3fc4b14948ab097a3462bb825e2f0_Zone10,0.004
49c3fc4b14948ab097a3462bb825e2f0_Zone11,0.004
49c3fc4b14948ab097a3462bb825e2f0_Zone12,0.004
e5c71e8fddb958908a69dbc1ddf074ba_Zone8,0.004
e5c71e8fddb958908a69dbc1ddf074ba_Zone9,0.004
e5c71e8fddb958908a69dbc1ddf074ba_Zone10,0.004
e5c71e8fddb958908a69dbc1ddf074ba_Zone11,0.004
e5c71e8fddb958908a69dbc1ddf074ba_Zone12,0.004
6876581e7bfb9a417b0f50ded0c44191_Zone8,0.004
6876581e7bfb9a417b0f50ded0c44191_Zone9,0.004
6876581e7bfb9a417b0f50ded0c44191_Zone10,0.004
6876581e7bfb9a417b0f50ded0c44191_Zone11,0.004
6876581e7bfb9a417b0f50ded0c44191_Zone12,0.004
c864d6466ebf808bc293173c9a5df709_Zone8,0.004
c864d6466ebf808bc293173c9a5df709_Zone9,0.004
c864d6466ebf808bc293173c9a5df709_Zone10,0.004
c864d6466ebf808bc293173c9a5df709_Zone11,0.004
c864d6466ebf808bc293173c9a5df709_Zone12,0.004
ce8ab5548464940a8a14a813a75500d0_Zone8,0.004
ce8ab5548464940a8a14a813a75500d0_Zone9,0.004
ce8ab5548464940a8a14a813a75500d0_Zone10,0.004
ce8ab5548464940a8a14a813a75500d0_Zone11,0.004
ce8ab5548464940a8a14a813a75500d0_Zone12,0.004
89a7c3afee3ab7851f28cd66ed4bba53_Zone8,0.004
89a7c3afee3ab7851f28cd66ed4bba53_Zone9,0.004
89a7c3afee3ab7851f28cd66ed4bba53_Zone10,0.004
89a7c3afee3ab7851f28cd66ed4bba53_Zone11,0.9998635600168815
89a7c3afee3ab7851f28cd66ed4bba53_Zone12,0.004
6ec5ce5500d9ce14887e64f47486ad5f_Zone8,0.004
6ec5ce5500d9ce14887e64f47486ad5f_Zone9,0.004
6ec5ce5500d9ce14887e64f47486ad5f_Zone10,0.004
6ec5ce5500d9ce14887e64f47486ad5f_Zone11,0.004
6ec5ce5500d9ce14887e64f47486ad5f_Zone12,0.004
123d65c19a4d7f395b3719d47d5666b5_Zone8,0.004
123d65c19a4d7f395b3719d47d5666b5_Zone9,0.004
123d65c19a4d7f395b3719d47d5666b5_Zone10,0.004
123d65c19a4d7f395b3719d47d5666b5_Zone11,0.004
123d65c19a4d7f395b3719d47d5666b5_Zone12,0.004
58d8d053c3b4585d4462f5ecb1452cdb_Zone8,0.004
58d8d053c3b4585d4462f5ecb1452cdb_Zone9,0.004
58d8d053c3b4585d4462f5ecb1452cdb_Zone10,0.004
58d8d053c3b4585d4462f5ecb1452cdb_Zone11,0.004
58d8d053c3b4585d4462f5ecb1452cdb_Zone12,0.004
ea3290d7769b069f78656ea2217067b3_Zone8,0.004
ea3290d7769b069f78656ea2217067b3_Zone9,0.004
ea3290d7769b069f78656ea2217067b3_Zone10,0.004
ea3290d7769b069f78656ea2217067b3_Zone11,0.004
ea3290d7769b069f78656ea2217067b3_Zone12,0.004
4e400a40fb57cb44bfa0019fc8ebb63b_Zone8,0.004
4e400a40fb57cb44bfa0019fc8ebb63b_Zone9,0.004
4e400a40fb57cb44bfa0019fc8ebb63b_Zone10,0.004
4e400a40fb57cb44bfa0019fc8ebb63b_Zone11,0.004
4e400a40fb57cb44bfa0019fc8ebb63b_Zone12,0.004
53c9d8c270112c05d9906e4b492c067a_Zone8,0.004
53c9d8c270112c05d9906e4b492c067a_Zone9,0.004
53c9d8c270112c05d9906e4b492c067a_Zone10,0.004
53c9d8c270112c05d9906e4b492c067a_Zone11,0.9984472410891297
53c9d8c270112c05d9906e4b492c067a_Zone12,0.004
77e6f30d7fb024b57861075d9cdb2e61_Zone8,0.004
77e6f30d7fb024b57861075d9cdb2e61_Zone9,0.004
77e6f30d7fb024b57861075d9cdb2e61_Zone10,0.004
77e6f30d7fb024b57861075d9cdb2e61_Zone11,0.004
77e6f30d7fb024b57861075d9cdb2e61_Zone12,0.004
1cb13f156bd436222447dd658180bd96_Zone8,0.004
1cb13f156bd436222447dd658180bd96_Zone9,0.004
1cb13f156bd436222447dd658180bd96_Zone10,0.004
1cb13f156bd436222447dd658180bd96_Zone11,0.004
1cb13f156bd436222447dd658180bd96_Zone12,0.004
0fadb2ac7be1a0ed6fb7cd81372c18ba_Zone8,0.9744646473382763
0fadb2ac7be1a0ed6fb7cd81372c18ba_Zone9,0.004
0fadb2ac7be1a0ed6fb7cd81372c18ba_Zone10,0.004
0fadb2ac7be1a0ed6fb7cd81372c18ba_Zone11,0.004
0fadb2ac7be1a0ed6fb7cd81372c18ba_Zone12,0.004
e1b48bcc8d13f1cdf8e1e98383ac5fae_Zone8,0.004
e1b48bcc8d13f1cdf8e1e98383ac5fae_Zone9,0.004
e1b48bcc8d13f1cdf8e1e98383ac5fae_Zone10,0.004
e1b48bcc8d13f1cdf8e1e98383ac5fae_Zone11,0.004
e1b48bcc8d13f1cdf8e1e98383ac5fae_Zone12,0.004
8cc399745b482846956be7307b0bd70f_Zone8,0.004
8cc399745b482846956be7307b0bd70f_Zone9,0.004
8cc399745b482846956be7307b0bd70f_Zone10,0.004
8cc399745b482846956be7307b0bd70f_Zone11,0.004
8cc399745b482846956be7307b0bd70f_Zone12,0.004
249092cc1775fabcb79ba439ba974759_Zone8,0.004
249092cc1775fabcb79ba439ba974759_Zone9,0.004
249092cc1775fabcb79ba439ba974759_Zone10,0.004
249092cc1775fabcb79ba439ba974759_Zone11,0.004
249092cc1775fabcb79ba439ba974759_Zone12,0.004
4fe8088fd2a96d3d36e45600c75964a8_Zone8,0.004
4fe8088fd2a96d3d36e45600c75964a8_Zone9,0.004
4fe8088fd2a96d3d36e45600c75964a8_Zone10,0.004
4fe8088fd2a96d3d36e45600c75964a8_Zone11,0.9986062779237939
4fe8088fd2a96d3d36e45600c75964a8_Zone12,0.004
104e284349ffe68378745fc8c5638eab_Zone8,0.004
104e284349ffe68378745fc8c5638eab_Zone9,0.004
104e284349ffe68378745fc8c5638eab_Zone10,0.004
104e284349ffe68378745fc8c5638eab_Zone11,0.004
104e284349ffe68378745fc8c5638eab_Zone12,0.004
d9a7e03c0bc6d9eaf711152972cf99ae_Zone8,0.004
d9a7e03c0bc6d9eaf711152972cf99ae_Zone9,0.004
d9a7e03c0bc6d9eaf711152972cf99ae_Zone10,0.004
d9a7e03c0bc6d9eaf711152972cf99ae_Zone11,0.004
d9a7e03c0bc6d9eaf711152972cf99ae_Zone12,0.004
2b81524a1a36b6b91baf7c84dc16b29b_Zone8,0.004
2b81524a1a36b6b91baf7c84dc16b29b_Zone9,0.004
2b81524a1a36b6b91baf7c84dc16b29b_Zone10,0.004
2b81524a1a36b6b91baf7c84dc16b29b_Zone11,0.9999474545300342
2b81524a1a36b6b91baf7c84dc16b29b_Zone12,0.004
7165af08cab4f780450d5cd41d7568f2_Zone8,0.9061222919766638
7165af08cab4f780450d5cd41d7568f2_Zone9,0.004
7165af08cab4f780450d5cd41d7568f2_Zone10,0.004
7165af08cab4f780450d5cd41d7568f2_Zone11,0.5389413685489692
7165af08cab4f780450d5cd41d7568f2_Zone12,0.004
a9279d73c52859e47cc73c73f4ebdec1_Zone8,0.9989575743549373
a9279d73c52859e47cc73c73f4ebdec1_Zone9,0.004
a9279d73c52859e47cc73c73f4ebdec1_Zone10,0.004
a9279d73c52859e47cc73c73f4ebdec1_Zone11,0.004
a9279d73c52859e47cc73c73f4ebdec1_Zone12,0.004
0367394485447c1c3485359ba71f52cb_Zone8,0.004
0367394485447c1c3485359ba71f52cb_Zone9,0.004
0367394485447c1c3485359ba71f52cb_Zone10,0.004
0367394485447c1c3485359ba71f52cb_Zone11,0.004
0367394485447c1c3485359ba71f52cb_Zone12,0.004
92447e0dccf16de23066830b85ef1445_Zone8,0.004
92447e0dccf16de23066830b85ef1445_Zone9,0.004
92447e0dccf16de23066830b85ef1445_Zone10,0.004
92447e0dccf16de23066830b85ef1445_Zone11,0.004
92447e0dccf16de23066830b85ef1445_Zone12,0.004
c25859785ce48c8c8d7e1b4e19a6617b_Zone8,0.004
c25859785ce48c8c8d7e1b4e19a6617b_Zone9,0.004
c25859785ce48c8c8d7e1b4e19a6617b_Zone10,0.004
c25859785ce48c8c8d7e1b4e19a6617b_Zone11,0.004
c25859785ce48c8c8d7e1b4e19a6617b_Zone12,0.004
77fa6aa1e3c2ac6ec2c31457abcc2ca2_Zone8,0.004
77fa6aa1e3c2ac6ec2c31457abcc2ca2_Zone9,0.004
77fa6aa1e3c2ac6ec2c31457abcc2ca2_Zone10,0.004
77fa6aa1e3c2ac6ec2c31457abcc2ca2_Zone11,0.004
77fa6aa1e3c2ac6ec2c31457abcc2ca2_Zone12,0.004
6195fafc8d524bba24a71c862ae43b27_Zone8,0.004
6195fafc8d524bba24a71c862ae43b27_Zone9,0.004
6195fafc8d524bba24a71c862ae43b27_Zone10,0.9999600451783683
6195fafc8d524bba24a71c862ae43b27_Zone11,0.004
6195fafc8d524bba24a71c862ae43b27_Zone12,0.004
1b861c23fc370c326ec8342733ef5d84_Zone8,0.004
1b861c23fc370c326ec8342733ef5d84_Zone9,0.004
1b861c23fc370c326ec8342733ef5d84_Zone10,0.9999754074141503
1b861c23fc370c326ec8342733ef5d84_Zone11,0.004
1b861c23fc370c326ec8342733ef5d84_Zone12,0.6423489881090594
4d09ae2cb8b4841f93b256e1af2212e2_Zone8,0.004
4d09ae2cb8b4841f93b256e1af2212e2_Zone9,0.004
4d09ae2cb8b4841f93b256e1af2212e2_Zone10,0.004
4d09ae2cb8b4841f93b256e1af2212e2_Zone11,0.004
4d09ae2cb8b4841f93b256e1af2212e2_Zone12,0.004
981a04410b05dd40c538f84b02300759_Zone8,0.004
981a04410b05dd40c538f84b02300759_Zone9,0.004
981a04410b05dd40c538f84b02300759_Zone10,0.004
981a04410b05dd40c538f84b02300759_Zone11,0.004
981a04410b05dd40c538f84b02300759_Zone12,0.9999763932218466
0749d03b6d2d1eebb6c24ecb3c36e645_Zone8,0.004
0749d03b6d2d1eebb6c24ecb3c36e645_Zone9,0.004
0749d03b6d2d1eebb6c24ecb3c36e645_Zone10,0.004
0749d03b6d2d1eebb6c24ecb3c36e645_Zone11,0.004
0749d03b6d2d1eebb6c24ecb3c36e645_Zone12,0.004
5ac9b630644efda24a7888b4905e422c_Zone8,0.004
5ac9b630644efda24a7888b4905e422c_Zone9,0.004
5ac9b630644efda24a7888b4905e422c_Zone10,0.004
5ac9b630644efda24a7888b4905e422c_Zone11,0.004
5ac9b630644efda24a7888b4905e422c_Zone12,0.004
0fd54393dce1f55b5a4d7e30b8642158_Zone13,0.004260627692527871
0fd54393dce1f55b5a4d7e30b8642158_Zone14,0.004260627692527871
0fd54393dce1f55b5a4d7e30b8642158_Zone15,0.9994631382036862
0fd54393dce1f55b5a4d7e30b8642158_Zone16,0.004260627692527871
0a83698bce92a6824dcc37c1d7fc31f5_Zone13,0.004260627692527871
0a83698bce92a6824dcc37c1d7fc31f5_Zone14,0.004260627692527871
0a83698bce92a6824dcc37c1d7fc31f5_Zone15,0.004260627692527871
0a83698bce92a6824dcc37c1d7fc31f5_Zone16,0.004260627692527871
e05f6b1f43da2b6cffdb1fcf2e3bb930_Zone13,0.004260627692527871
e05f6b1f43da2b6cffdb1fcf2e3bb930_Zone14,0.004260627692527871
e05f6b1f43da2b6cffdb1fcf2e3bb930_Zone15,0.004260627692527871
e05f6b1f43da2b6cffdb1fcf2e3bb930_Zone16,0.004260627692527871
35fcc4eea20865907dd58ad98684d52b_Zone13,0.004260627692527871
35fcc4eea20865907dd58ad98684d52b_Zone14,0.004260627692527871
35fcc4eea20865907dd58ad98684d52b_Zone15,0.004260627692527871
35fcc4eea20865907dd58ad98684d52b_Zone16,0.004260627692527871
28970155f9954bbd7d5c737b60a66b5a_Zone13,0.004260627692527871
28970155f9954bbd7d5c737b60a66b5a_Zone14,0.004260627692527871
28970155f9954bbd7d5c737b60a66b5a_Zone15,0.004260627692527871
28970155f9954bbd7d5c737b60a66b5a_Zone16,0.004260627692527871
77f978889c53f450cef41dd5c559f800_Zone13,0.999999274969957
77f978889c53f450cef41dd5c559f800_Zone14,0.5042812702237585
77f978889c53f450cef41dd5c559f800_Zone15,0.9994587552022951
77f978889c53f450cef41dd5c559f800_Zone16,0.004260627692527871
8266fe33ef4df80aa66ff25bb0713c64_Zone13,0.004260627692527871
8266fe33ef4df80aa66ff25bb0713c64_Zone14,0.004260627692527871
8266fe33ef4df80aa66ff25bb0713c64_Zone15,0.004260627692527871
8266fe33ef4df80aa66ff25bb0713c64_Zone16,0.004260627692527871
dc86f115cbad5fec85ad22b3d7600e0a_Zone13,0.004260627692527871
dc86f115cbad5fec85ad22b3d7600e0a_Zone14,0.004260627692527871
dc86f115cbad5fec85ad22b3d7600e0a_Zone15,0.004260627692527871
dc86f115cbad5fec85ad22b3d7600e0a_Zone16,0.03895302727054452
8ae7925ff082e37b2b705071dae57db8_Zone13,0.9996953081582123
8ae7925ff082e37b2b705071dae57db8_Zone14,0.004260627692527871
8ae7925ff082e37b2b705071dae57db8_Zone15,0.9999988074140714
8ae7925ff082e37b2b705071dae57db8_Zone16,0.004260627692527871
e0c39c6bf891474438bc44e05a953781_Zone13,0.004260627692527871
e0c39c6bf891474438bc44e05a953781_Zone14,0.004260627692527871
e0c39c6bf891474438bc44e05a953781_Zone15,0.004260627692527871
e0c39c6bf891474438bc44e05a953781_Zone16,0.004260627692527871
667e6cb559880b13e123970d7d443a76_Zone13,0.004260627692527871
667e6cb559880b13e123970d7d443a76_Zone14,0.004260627692527871
667e6cb559880b13e123970d7d443a76_Zone15,0.004260627692527871
667e6cb559880b13e123970d7d443a76_Zone16,0.004260627692527871
b7076e8fa7af8ce574ccdb59f1c1c7b2_Zone13,0.004260627692527871
b7076e8fa7af8ce574ccdb59f1c1c7b2_Zone14,0.004260627692527871
b7076e8fa7af8ce574ccdb59f1c1c7b2_Zone15,0.004260627692527871
b7076e8fa7af8ce574ccdb59f1c1c7b2_Zone16,0.004260627692527871
45e7ebd5a3cac11dcafdee7b1d79003f_Zone13,0.004260627692527871
45e7ebd5a3cac11dcafdee7b1d79003f_Zone14,0.004260627692527871
45e7ebd5a3cac11dcafdee7b1d79003f_Zone15,0.004260627692527871
45e7ebd5a3cac11dcafdee7b1d79003f_Zone16,0.03486942828918419
d9b6081197ee70ebcaeabc8bf7749792_Zone13,0.004260627692527871
d9b6081197ee70ebcaeabc8bf7749792_Zone14,0.004260627692527871
d9b6081197ee70ebcaeabc8bf7749792_Zone15,0.004260627692527871
d9b6081197ee70ebcaeabc8bf7749792_Zone16,0.004260627692527871
b26e79a465ebac796ceb022cb998c236_Zone13,0.004260627692527871
b26e79a465ebac796ceb022cb998c236_Zone14,0.9958826213309605
b26e79a465ebac796ceb022cb998c236_Zone15,0.004260627692527871
b26e79a465ebac796ceb022cb998c236_Zone16,0.004260627692527871
a53984435fe0345028ecc9b1fdf85a23_Zone13,0.004260627692527871
a53984435fe0345028ecc9b1fdf85a23_Zone14,0.004260627692527871
a53984435fe0345028ecc9b1fdf85a23_Zone15,0.004260627692527871
a53984435fe0345028ecc9b1fdf85a23_Zone16,0.004260627692527871
bd2504fa78db460fb92eb3764a46b3db_Zone13,0.004260627692527871
bd2504fa78db460fb92eb3764a46b3db_Zone14,0.004260627692527871
bd2504fa78db460fb92eb3764a46b3db_Zone15,0.0346649894069436
bd2504fa78db460fb92eb3764a46b3db_Zone16,0.004260627692527871
1cef83028272a04070fbdffae5796a87_Zone13,0.004260627692527871
1cef83028272a04070fbdffae5796a87_Zone14,0.004260627692527871
1cef83028272a04070fbdffae5796a87_Zone15,0.004260627692527871
1cef83028272a04070fbdffae5796a87_Zone16,0.004260627692527871
9d340a2292b91b6d365091dcec525c53_Zone13,0.004260627692527871
9d340a2292b91b6d365091dcec525c53_Zone14,0.004260627692527871
9d340a2292b91b6d365091dcec525c53_Zone15,0.004260627692527871
9d340a2292b91b6d365091dcec525c53_Zone16,0.004260627692527871
b9f49657be5a7c9da830c0ff75e497aa_Zone13,0.004260627692527871
b9f49657be5a7c9da830c0ff75e497aa_Zone14,0.004260627692527871
b9f49657be5a7c9da830c0ff75e497aa_Zone15,0.004260627692527871
b9f49657be5a7c9da830c0ff75e497aa_Zone16,0.004260627692527871
9aeb4c826a79835c04428163b2805507_Zone13,0.004260627692527871
9aeb4c826a79835c04428163b2805507_Zone14,0.004260627692527871
9aeb4c826a79835c04428163b2805507_Zone15,0.004260627692527871
9aeb4c826a79835c04428163b2805507_Zone16,0.004260627692527871
0b2996d90c7250a3acb63cab6ae5bebe_Zone13,0.004260627692527871
0b2996d90c7250a3acb63cab6ae5bebe_Zone14,0.004260627692527871
0b2996d90c7250a3acb63cab6ae5bebe_Zone15,0.004260627692527871
0b2996d90c7250a3acb63cab6ae5bebe_Zone16,0.004260627692527871
53f844c24da6ba92e79a056cd4aa3627_Zone13,0.004260627692527871
53f844c24da6ba92e79a056cd4aa3627_Zone14,0.004260627692527871
53f844c24da6ba92e79a056cd4aa3627_Zone15,0.004260627692527871
53f844c24da6ba92e79a056cd4aa3627_Zone16,0.004260627692527871
8c74804799996ecb5ea45272ef387e41_Zone13,0.9652163780867047
8c74804799996ecb5ea45272ef387e41_Zone14,0.004260627692527871
8c74804799996ecb5ea45272ef387e41_Zone15,0.004260627692527871
8c74804799996ecb5ea45272ef387e41_Zone16,0.004260627692527871
bbf660665e2c8e34b80322150484ab4a_Zone13,0.004260627692527871
bbf660665e2c8e34b80322150484ab4a_Zone14,0.004260627692527871
bbf660665e2c8e34b80322150484ab4a_Zone15,0.004260627692527871
bbf660665e2c8e34b80322150484ab4a_Zone16,0.004260627692527871
12ed0db15024397106482c4983ad2d92_Zone13,0.9615622712058051
12ed0db15024397106482c4983ad2d92_Zone14,0.004260627692527871
12ed0db15024397106482c4983ad2d92_Zone15,0.004260627692527871
12ed0db15024397106482c4983ad2d92_Zone16,0.9999998914727715
1240199d7b5d6d1c709b13381a198b75_Zone13,0.004260627692527871
1240199d7b5d6d1c709b13381a198b75_Zone14,0.03307306047656991
1240199d7b5d6d1c709b13381a198b75_Zone15,0.004260627692527871
1240199d7b5d6d1c709b13381a198b75_Zone16,0.004260627692527871
08dc52d08482393070d8c71b11902636_Zone13,0.9948078177229751
08dc52d08482393070d8c71b11902636_Zone14,0.004260627692527871
08dc52d08482393070d8c71b11902636_Zone15,0.004260627692527871
08dc52d08482393070d8c71b11902636_Zone16,0.9999999296530556
54becfebc071bf769a187bd50981f186_Zone13,0.0347809349142742
54becfebc071bf769a187bd50981f186_Zone14,0.0348873814378594
54becfebc071bf769a187bd50981f186_Zone15,0.004260627692527871
54becfebc071bf769a187bd50981f186_Zone16,0.004260627692527871
5ad549b6c14ae5528a56216360e87829_Zone13,0.004260627692527871
5ad549b6c14ae5528a56216360e87829_Zone14,0.004260627692527871
5ad549b6c14ae5528a56216360e87829_Zone15,0.004260627692527871
5ad549b6c14ae5528a56216360e87829_Zone16,0.9980014444041204
6efc41a030bd27eb70407184e427b165_Zone13,0.03503827041596166
6efc41a030bd27eb70407184e427b165_Zone14,0.004260627692527871
6efc41a030bd27eb70407184e427b165_Zone15,0.004260627692527871
6efc41a030bd27eb70407184e427b165_Zone16,0.9989665436788454
cc9df85ad3f810f32450be5afcbaa019_Zone13,0.004260627692527871
cc9df85ad3f810f32450be5afcbaa019_Zone14,0.03615045852067747
cc9df85ad3f810f32450be5afcbaa019_Zone15,0.004260627692527871
cc9df85ad3f810f32450be5afcbaa019_Zone16,0.004260627692527871
adc28b596accd5039620bfef68feacf3_Zone13,0.004260627692527871
adc28b596accd5039620bfef68feacf3_Zone14,0.004260627692527871
adc28b596accd5039620bfef68feacf3_Zone15,0.24960154984749078
adc28b596accd5039620bfef68feacf3_Zone16,0.004260627692527871
6ad2f3e44e78a904d17965f91148bae7_Zone13,0.004260627692527871
6ad2f3e44e78a904d17965f91148bae7_Zone14,0.9999714176738574
6ad2f3e44e78a904d17965f91148bae7_Zone15,0.004260627692527871
6ad2f3e44e78a904d17965f91148bae7_Zone16,0.004260627692527871
cf0a5e997ce34fbd415f12ca95dcfcc5_Zone13,0.004260627692527871
cf0a5e997ce34fbd415f12ca95dcfcc5_Zone14,0.004260627692527871
cf0a5e997ce34fbd415f12ca95dcfcc5_Zone15,0.004260627692527871
cf0a5e997ce34fbd415f12ca95dcfcc5_Zone16,0.004260627692527871
cf07122136018767ce90ad0e2123da04_Zone13,0.004260627692527871
cf07122136018767ce90ad0e2123da04_Zone14,0.9999999634266532
cf07122136018767ce90ad0e2123da04_Zone15,0.004260627692527871
cf07122136018767ce90ad0e2123da04_Zone16,0.004260627692527871
78e2a05bb2cb447cbbc4b13fce385eff_Zone13,0.004260627692527871
78e2a05bb2cb447cbbc4b13fce385eff_Zone14,0.999999541844874
78e2a05bb2cb447cbbc4b13fce385eff_Zone15,0.9667272541281067
78e2a05bb2cb447cbbc4b13fce385eff_Zone16,0.033502260624745296
5a09d8d04a872ea04f7043bc5e0cfff8_Zone13,0.004260627692527871
5a09d8d04a872ea04f7043bc5e0cfff8_Zone14,0.004260627692527871
5a09d8d04a872ea04f7043bc5e0cfff8_Zone15,0.004260627692527871
5a09d8d04a872ea04f7043bc5e0cfff8_Zone16,0.004260627692527871
3de88afea1b8fd356b119c5b44dcb47e_Zone13,0.004260627692527871
3de88afea1b8fd356b119c5b44dcb47e_Zone14,0.004260627692527871
3de88afea1b8fd356b119c5b44dcb47e_Zone15,0.004260627692527871
3de88afea1b8fd356b119c5b44dcb47e_Zone16,0.999999995354681
b44e79c5283d5b7aa587ac26c8f3803a_Zone13,0.004260627692527871
b44e79c5283d5b7aa587ac26c8f3803a_Zone14,0.004260627692527871
b44e79c5283d5b7aa587ac26c8f3803a_Zone15,0.004260627692527871
b44e79c5283d5b7aa587ac26c8f3803a_Zone16,0.004260627692527871
8cad214bfc98e58fb873130aa71c8503_Zone13,0.004260627692527871
8cad214bfc98e58fb873130aa71c8503_Zone14,0.9983115159018723
8cad214bfc98e58fb873130aa71c8503_Zone15,0.004260627692527871
8cad214bfc98e58fb873130aa71c8503_Zone16,0.004260627692527871
b805325a87f8132b90efccfe3a024023_Zone13,0.9853924080482875
b805325a87f8132b90efccfe3a024023_Zone14,0.004260627692527871
b805325a87f8132b90efccfe3a024023_Zone15,0.9997954654083576
b805325a87f8132b90efccfe3a024023_Zone16,0.038045114521622514
1ccf082d6f3d51bd55113fb092be0e59_Zone13,0.004260627692527871
1ccf082d6f3d51bd55113fb092be0e59_Zone14,0.004260627692527871
1ccf082d6f3d51bd55113fb092be0e59_Zone15,0.9624484163589747
1ccf082d6f3d51bd55113fb092be0e59_Zone16,0.7535258592950179
8a59e4cd0ab21f8ac3c468ab63d2bc02_Zone13,0.9999992400103095
8a59e4cd0ab21f8ac3c468ab63d2bc02_Zone14,0.004260627692527871
8a59e4cd0ab21f8ac3c468ab63d2bc02_Zone15,0.004260627692527871
8a59e4cd0ab21f8ac3c468ab63d2bc02_Zone16,0.004260627692527871
334cfc11aceab7e8bbd1d711f70c514d_Zone13,0.004260627692527871
334cfc11aceab7e8bbd1d711f70c514d_Zone14,0.004260627692527871
334cfc11aceab7e8bbd1d711f70c514d_Zone15,0.004260627692527871
334cfc11aceab7e8bbd1d711f70c514d_Zone16,0.004260627692527871
433d90f22cd87cb66139d491f753470f_Zone13,0.004260627692527871
433d90f22cd87cb66139d491f753470f_Zone14,0.9999999999999967
433d90f22cd87cb66139d491f753470f_Zone15,0.004260627692527871
433d90f22cd87cb66139d491f753470f_Zone16,0.004260627692527871
47101ab882f74b44d325c4309f5a45da_Zone13,0.03366481484435288
47101ab882f74b44d325c4309f5a45da_Zone14,0.004260627692527871
47101ab882f74b44d325c4309f5a45da_Zone15,0.004260627692527871
47101ab882f74b44d325c4309f5a45da_Zone16,0.0334602757065136
c49a9aaa0c748cc5a4e88b30504a7732_Zone13,0.004260627692527871
c49a9aaa0c748cc5a4e88b30504a7732_Zone14,0.04224242688672354
c49a9aaa0c748cc5a4e88b30504a7732_Zone15,0.004260627692527871
c49a9aaa0c748cc5a4e88b30504a7732_Zone16,0.9767813889121715
50c146d2bef02ff453f63104968bd456_Zone13,0.004260627692527871
50c146d2bef02ff453f63104968bd456_Zone14,0.004260627692527871
50c146d2bef02ff453f63104968bd456_Zone15,0.004260627692527871
50c146d2bef02ff453f63104968bd456_Zone16,0.004260627692527871
80f5b34aa8c962cc30138bc9c70343b5_Zone13,0.004260627692527871
80f5b34aa8c962cc30138bc9c70343b5_Zone14,0.004260627692527871
80f5b34aa8c962cc30138bc9c70343b5_Zone15,0.004260627692527871
80f5b34aa8c962cc30138bc9c70343b5_Zone16,0.004260627692527871
cf40b637efa6ec70e7281dedbfdcc1c4_Zone13,0.004260627692527871
cf40b637efa6ec70e7281dedbfdcc1c4_Zone14,0.9975637713446223
cf40b637efa6ec70e7281dedbfdcc1c4_Zone15,0.004260627692527871
cf40b637efa6ec70e7281dedbfdcc1c4_Zone16,0.9999914822319452
27069e6977eb7e0ccd913af254932e39_Zone13,0.004260627692527871
27069e6977eb7e0ccd913af254932e39_Zone14,0.004260627692527871
27069e6977eb7e0ccd913af254932e39_Zone15,0.004260627692527871
27069e6977eb7e0ccd913af254932e39_Zone16,0.004260627692527871
bad6cac85809cbc9bc7c3d8dfd063841_Zone13,0.004260627692527871
bad6cac85809cbc9bc7c3d8dfd063841_Zone14,0.004260627692527871
bad6cac85809cbc9bc7c3d8dfd063841_Zone15,0.004260627692527871
bad6cac85809cbc9bc7c3d8dfd063841_Zone16,0.004260627692527871
be0008e3e3ce57188aa0509d5a557ced_Zone13,0.004260627692527871
be0008e3e3ce57188aa0509d5a557ced_Zone14,0.004260627692527871
be0008e3e3ce57188aa0509d5a557ced_Zone15,0.004260627692527871
be0008e3e3ce57188aa0509d5a557ced_Zone16,0.004260627692527871
5b900a35f3e9591914ea328cacb73dfa_Zone13,0.004260627692527871
5b900a35f3e9591914ea328cacb73dfa_Zone14,0.004260627692527871
5b900a35f3e9591914ea328cacb73dfa_Zone15,0.004260627692527871
5b900a35f3e9591914ea328cacb73dfa_Zone16,0.004260627692527871
9e3ed73cf898679f5849315d9daae83a_Zone13,0.004260627692527871
9e3ed73cf898679f5849315d9daae83a_Zone14,0.004260627692527871
9e3ed73cf898679f5849315d9daae83a_Zone15,0.004260627692527871
9e3ed73cf898679f5849315d9daae83a_Zone16,0.004260627692527871
db915c7821080439403d1ab21930f8a4_Zone13,0.004260627692527871
db915c7821080439403d1ab21930f8a4_Zone14,0.004260627692527871
db915c7821080439403d1ab21930f8a4_Zone15,0.004260627692527871
db915c7821080439403d1ab21930f8a4_Zone16,0.004260627692527871
5a6122a9c7b29434c985dac7f6f2a5d6_Zone13,0.004260627692527871
5a6122a9c7b29434c985dac7f6f2a5d6_Zone14,0.004260627692527871
5a6122a9c7b29434c985dac7f6f2a5d6_Zone15,0.004260627692527871
5a6122a9c7b29434c985dac7f6f2a5d6_Zone16,0.9999999999805858
572b2d27afbfc215f55040501a0ae8b8_Zone13,0.004260627692527871
572b2d27afbfc215f55040501a0ae8b8_Zone14,0.004260627692527871
572b2d27afbfc215f55040501a0ae8b8_Zone15,0.004260627692527871
572b2d27afbfc215f55040501a0ae8b8_Zone16,0.004260627692527871
ad4a88206e1e7843b954997fa019cbe1_Zone13,0.004260627692527871
ad4a88206e1e7843b954997fa019cbe1_Zone14,0.004260627692527871
ad4a88206e1e7843b954997fa019cbe1_Zone15,0.004260627692527871
ad4a88206e1e7843b954997fa019cbe1_Zone16,0.004260627692527871
366b47c7a8ccab2cd0e5834dde998765_Zone13,0.29295161168953227
366b47c7a8ccab2cd0e5834dde998765_Zone14,0.9708207256874134
366b47c7a8ccab2cd0e5834dde998765_Zone15,0.004260627692527871
366b47c7a8ccab2cd0e5834dde998765_Zone16,0.25328404769590024
84c8eb37e1d8b6a31178fb7acde129cc_Zone13,0.004260627692527871
84c8eb37e1d8b6a31178fb7acde129cc_Zone14,0.004260627692527871
84c8eb37e1d8b6a31178fb7acde129cc_Zone15,0.004260627692527871
84c8eb37e1d8b6a31178fb7acde129cc_Zone16,0.004260627692527871
76187ea862405caf22ce4626a0865d7e_Zone13,0.004260627692527871
76187ea862405caf22ce4626a0865d7e_Zone14,0.9977451288130773
76187ea862405caf22ce4626a0865d7e_Zone15,0.004260627692527871
76187ea862405caf22ce4626a0865d7e_Zone16,0.004260627692527871
86b8e947df9cc7d357e8d5f44a63af0d_Zone13,0.9999999974133795
86b8e947df9cc7d357e8d5f44a63af0d_Zone14,0.004260627692527871
86b8e947df9cc7d357e8d5f44a63af0d_Zone15,0.004260627692527871
86b8e947df9cc7d357e8d5f44a63af0d_Zone16,0.9563165196740964
cb4aad9898654da3b7a079837d452c7a_Zone13,0.004260627692527871
cb4aad9898654da3b7a079837d452c7a_Zone14,0.004260627692527871
cb4aad9898654da3b7a079837d452c7a_Zone15,0.004260627692527871
cb4aad9898654da3b7a079837d452c7a_Zone16,0.004260627692527871
a1dab2b6bbdfec641c63b14c63eecc8f_Zone13,0.004260627692527871
a1dab2b6bbdfec641c63b14c63eecc8f_Zone14,0.004260627692527871
a1dab2b6bbdfec641c63b14c63eecc8f_Zone15,0.004260627692527871
a1dab2b6bbdfec641c63b14c63eecc8f_Zone16,0.004260627692527871
49c3fc4b14948ab097a3462bb825e2f0_Zone13,0.004260627692527871
49c3fc4b14948ab097a3462bb825e2f0_Zone14,0.004260627692527871
49c3fc4b14948ab097a3462bb825e2f0_Zone15,0.004260627692527871
49c3fc4b14948ab097a3462bb825e2f0_Zone16,0.004260627692527871
e5c71e8fddb958908a69dbc1ddf074ba_Zone13,0.004260627692527871
e5c71e8fddb958908a69dbc1ddf074ba_Zone14,0.004260627692527871
e5c71e8fddb958908a69dbc1ddf074ba_Zone15,0.004260627692527871
e5c71e8fddb958908a69dbc1ddf074ba_Zone16,0.004260627692527871
6876581e7bfb9a417b0f50ded0c44191_Zone13,0.004260627692527871
6876581e7bfb9a417b0f50ded0c44191_Zone14,0.004260627692527871
6876581e7bfb9a417b0f50ded0c44191_Zone15,0.9999999999999978
6876581e7bfb9a417b0f50ded0c44191_Zone16,0.004260627692527871
c864d6466ebf808bc293173c9a5df709_Zone13,0.004260627692527871
c864d6466ebf808bc293173c9a5df709_Zone14,0.004260627692527871
c864d6466ebf808bc293173c9a5df709_Zone15,0.004260627692527871
c864d6466ebf808bc293173c9a5df709_Zone16,0.03366367316270035
ce8ab5548464940a8a14a813a75500d0_Zone13,0.004260627692527871
ce8ab5548464940a8a14a813a75500d0_Zone14,0.004260627692527871
ce8ab5548464940a8a14a813a75500d0_Zone15,0.004260627692527871
ce8ab5548464940a8a14a813a75500d0_Zone16,0.9945978202253409
89a7c3afee3ab7851f28cd66ed4bba53_Zone13,0.9993335111039259
89a7c3afee3ab7851f28cd66ed4bba53_Zone14,0.004260627692527871
89a7c3afee3ab7851f28cd66ed4bba53_Zone15,0.004260627692527871
89a7c3afee3ab7851f28cd66ed4bba53_Zone16,0.004260627692527871
6ec5ce5500d9ce14887e64f47486ad5f_Zone13,0.004260627692527871
6ec5ce5500d9ce14887e64f47486ad5f_Zone14,0.9966273628104836
6ec5ce5500d9ce14887e64f47486ad5f_Zone15,0.004260627692527871
6ec5ce5500d9ce14887e64f47486ad5f_Zone16,0.004260627692527871
123d65c19a4d7f395b3719d47d5666b5_Zone13,0.004260627692527871
123d65c19a4d7f395b3719d47d5666b5_Zone14,0.004260627692527871
123d65c19a4d7f395b3719d47d5666b5_Zone15,0.004260627692527871
123d65c19a4d7f395b3719d47d5666b5_Zone16,0.004260627692527871
58d8d053c3b4585d4462f5ecb1452cdb_Zone13,0.004260627692527871
58d8d053c3b4585d4462f5ecb1452cdb_Zone14,0.004260627692527871
58d8d053c3b4585d4462f5ecb1452cdb_Zone15,0.004260627692527871
58d8d053c3b4585d4462f5ecb1452cdb_Zone16,0.004260627692527871
ea3290d7769b069f78656ea2217067b3_Zone13,0.004260627692527871
ea3290d7769b069f78656ea2217067b3_Zone14,0.004260627692527871
ea3290d7769b069f78656ea2217067b3_Zone15,0.7168763288403784
ea3290d7769b069f78656ea2217067b3_Zone16,0.9986542009610518
4e400a40fb57cb44bfa0019fc8ebb63b_Zone13,0.9999992492150646
4e400a40fb57cb44bfa0019fc8ebb63b_Zone14,0.004260627692527871
4e400a40fb57cb44bfa0019fc8ebb63b_Zone15,0.7828853917184367
4e400a40fb57cb44bfa0019fc8ebb63b_Zone16,0.004260627692527871
53c9d8c270112c05d9906e4b492c067a_Zone13,0.004260627692527871
53c9d8c270112c05d9906e4b492c067a_Zone14,0.0341772599650824
53c9d8c270112c05d9906e4b492c067a_Zone15,0.004260627692527871
53c9d8c270112c05d9906e4b492c067a_Zone16,0.004260627692527871
77e6f30d7fb024b57861075d9cdb2e61_Zone13,0.004260627692527871
77e6f30d7fb024b57861075d9cdb2e61_Zone14,0.004260627692527871
77e6f30d7fb024b57861075d9cdb2e61_Zone15,0.004260627692527871
77e6f30d7fb024b57861075d9cdb2e61_Zone16,0.004260627692527871
1cb13f156bd436222447dd658180bd96_Zone13,0.9970336937202722
1cb13f156bd436222447dd658180bd96_Zone14,0.004260627692527871
1cb13f156bd436222447dd658180bd96_Zone15,0.004260627692527871
1cb13f156bd436222447dd658180bd96_Zone16,0.004260627692527871
0fadb2ac7be1a0ed6fb7cd81372c18ba_Zone13,0.004260627692527871
0fadb2ac7be1a0ed6fb7cd81372c18ba_Zone14,0.9997093882235737
0fadb2ac7be1a0ed6fb7cd81372c18ba_Zone15,0.004260627692527871
0fadb2ac7be1a0ed6fb7cd81372c18ba_Zone16,0.004260627692527871
e1b48bcc8d13f1cdf8e1e98383ac5fae_Zone13,0.004260627692527871
e1b48bcc8d13f1cdf8e1e98383ac5fae_Zone14,0.004260627692527871
e1b48bcc8d13f1cdf8e1e98383ac5fae_Zone15,0.004260627692527871
e1b48bcc8d13f1cdf8e1e98383ac5fae_Zone16,0.004260627692527871
8cc399745b482846956be7307b0bd70f_Zone13,0.004260627692527871
8cc399745b482846956be7307b0bd70f_Zone14,0.004260627692527871
8cc399745b482846956be7307b0bd70f_Zone15,0.004260627692527871
8cc399745b482846956be7307b0bd70f_Zone16,0.004260627692527871
249092cc1775fabcb79ba439ba974759_Zone13,0.004260627692527871
249092cc1775fabcb79ba439ba974759_Zone14,0.004260627692527871
249092cc1775fabcb79ba439ba974759_Zone15,0.004260627692527871
249092cc1775fabcb79ba439ba974759_Zone16,0.004260627692527871
4fe8088fd2a96d3d36e45600c75964a8_Zone13,0.004260627692527871
4fe8088fd2a96d3d36e45600c75964a8_Zone14,0.004260627692527871
4fe8088fd2a96d3d36e45600c75964a8_Zone15,0.004260627692527871
4fe8088fd2a96d3d36e45600c75964a8_Zone16,0.004260627692527871
104e284349ffe68378745fc8c5638eab_Zone13,0.004260627692527871
104e284349ffe68378745fc8c5638eab_Zone14,0.004260627692527871
104e284349ffe68378745fc8c5638eab_Zone15,0.004260627692527871
104e284349ffe68378745fc8c5638eab_Zone16,0.004260627692527871
d9a7e03c0bc6d9eaf711152972cf99ae_Zone13,0.9999999897777744
d9a7e03c0bc6d9eaf711152972cf99ae_Zone14,0.004260627692527871
d9a7e03c0bc6d9eaf711152972cf99ae_Zone15,0.03715824149333858
d9a7e03c0bc6d9eaf711152972cf99ae_Zone16,0.004260627692527871
2b81524a1a36b6b91baf7c84dc16b29b_Zone13,0.004260627692527871
2b81524a1a36b6b91baf7c84dc16b29b_Zone14,0.004260627692527871
2b81524a1a36b6b91baf7c84dc16b29b_Zone15,0.004260627692527871
2b81524a1a36b6b91baf7c84dc16b29b_Zone16,0.004260627692527871
7165af08cab4f780450d5cd41d7568f2_Zone13,0.9665658793709505
7165af08cab4f780450d5cd41d7568f2_Zone14,0.004260627692527871
7165af08cab4f780450d5cd41d7568f2_Zone15,0.004260627692527871
7165af08cab4f780450d5cd41d7568f2_Zone16,0.9508206606740442
a9279d73c52859e47cc73c73f4ebdec1_Zone13,0.004260627692527871
a9279d73c52859e47cc73c73f4ebdec1_Zone14,0.004260627692527871
a9279d73c52859e47cc73c73f4ebdec1_Zone15,0.004260627692527871
a9279d73c52859e47cc73c73f4ebdec1_Zone16,0.9968834867754865
0367394485447c1c3485359ba71f52cb_Zone13,0.004260627692527871
0367394485447c1c3485359ba71f52cb_Zone14,0.004260627692527871
0367394485447c1c3485359ba71f52cb_Zone15,0.004260627692527871
0367394485447c1c3485359ba71f52cb_Zone16,0.004260627692527871
92447e0dccf16de23066830b85ef1445_Zone13,0.004260627692527871
92447e0dccf16de23066830b85ef1445_Zone14,0.004260627692527871
92447e0dccf16de23066830b85ef1445_Zone15,0.9939512927925186
92447e0dccf16de23066830b85ef1445_Zone16,0.004260627692527871
c25859785ce48c8c8d7e1b4e19a6617b_Zone13,0.004260627692527871
c25859785ce48c8c8d7e1b4e19a6617b_Zone14,0.004260627692527871
c25859785ce48c8c8d7e1b4e19a6617b_Zone15,0.004260627692527871
c25859785ce48c8c8d7e1b4e19a6617b_Zone16,0.004260627692527871
77fa6aa1e3c2ac6ec2c31457abcc2ca2_Zone13,0.004260627692527871
77fa6aa1e3c2ac6ec2c31457abcc2ca2_Zone14,0.004260627692527871
77fa6aa1e3c2ac6ec2c31457abcc2ca2_Zone15,0.004260627692527871
77fa6aa1e3c2ac6ec2c31457abcc2ca2_Zone16,0.004260627692527871
6195fafc8d524bba24a71c862ae43b27_Zone13,0.004260627692527871
6195fafc8d524bba24a71c862ae43b27_Zone14,0.004260627692527871
6195fafc8d524bba24a71c862ae43b27_Zone15,0.004260627692527871
6195fafc8d524bba24a71c862ae43b27_Zone16,0.004260627692527871
1b861c23fc370c326ec8342733ef5d84_Zone13,0.004260627692527871
1b861c23fc370c326ec8342733ef5d84_Zone14,0.033509739307256904
1b861c23fc370c326ec8342733ef5d84_Zone15,0.004260627692527871
1b861c23fc370c326ec8342733ef5d84_Zone16,0.004260627692527871
4d09ae2cb8b4841f93b256e1af2212e2_Zone13,0.9999999999962403
4d09ae2cb8b4841f93b256e1af2212e2_Zone14,0.4276240379360201
4d09ae2cb8b4841f93b256e1af2212e2_Zone15,0.004260627692527871
4d09ae2cb8b4841f93b256e1af2212e2_Zone16,0.004260627692527871
981a04410b05dd40c538f84b02300759_Zone13,0.004260627692527871
981a04410b05dd40c538f84b02300759_Zone14,0.004260627692527871
981a04410b05dd40c538f84b02300759_Zone15,0.004260627692527871
981a04410b05dd40c538f84b02300759_Zone16,0.004260627692527871
0749d03b6d2d1eebb6c24ecb3c36e645_Zone13,0.004260627692527871
0749d03b6d2d1eebb6c24ecb3c36e645_Zone14,0.004260627692527871
0749d03b6d2d1eebb6c24ecb3c36e645_Zone15,0.004260627692527871
0749d03b6d2d1eebb6c24ecb3c36e645_Zone16,0.004260627692527871
5ac9b630644efda24a7888b4905e422c_Zone13,0.004260627692527871
5ac9b630644efda24a7888b4905e422c_Zone14,0.9999266277017865
5ac9b630644efda24a7888b4905e422c_Zone15,0.004260627692527871
5ac9b630644efda24a7888b4905e422c_Zone16,0.004260627692527871
